epoch,time,train/box_loss,train/cls_loss,train/l1_loss,metrics/precision(B),metrics/recall(B),metrics/mAP50(B),metrics/mAP50-95(B),val/box_loss,val/cls_loss,val/l1_loss,lr/pg0,lr/pg1,lr/pg2,accuracy_mAP50-95,is_final_epoch
1,9.85966,2.15466,4.03671,0.01293,0,0,0,0,2.19029,3.91608,0.01145,0.000291667,0.000291667,0.071125,0.0,0
2,13.5619,1.52971,3.66187,0.00885,0,0,0,0,2.35549,3.77696,0.01277,0.000622938,0.000622938,0.0381229,0.0,0
3,17.3011,1.32532,3.39892,0.00749,0.02969,0.49825,0.05911,0.01162,2.52599,3.76551,0.0142,0.000952008,0.000952008,0.00511868,0.01162,0
4,21.3005,1.20644,3.16189,0.00674,0.0326,0.5472,0.08495,0.01463,2.65491,3.7389,0.01554,0.0009901,0.0009901,0.0009901,0.01463,0
5,25.4212,1.2425,2.91179,0.00689,0.04583,0.76923,0.27565,0.07504,2.05144,3.55411,0.01073,0.0009868,0.0009868,0.0009868,0.07504,0
6,29.5831,1.25702,2.5717,0.00717,0.04437,0.74476,0.19378,0.05609,2.24887,3.48737,0.01219,0.0009835,0.0009835,0.0009835,0.05609,0
7,33.865,1.19947,2.4653,0.00677,0.03927,0.65909,0.13686,0.02915,2.70995,3.39214,0.01589,0.0009802,0.0009802,0.0009802,0.02915,0
8,37.8501,1.20473,2.19893,0.00677,0.26478,0.41434,0.23819,0.06222,2.5072,3.03373,0.01419,0.0009769,0.0009769,0.0009769,0.06222,0
9,41.8135,1.36489,2.06108,0.00765,0.47383,0.44712,0.42961,0.16803,1.97358,2.38124,0.0102,0.0009736,0.0009736,0.0009736,0.16803,0
10,45.7572,1.35398,2.01305,0.00753,0.561,0.4493,0.48404,0.18856,1.91568,2.24995,0.00975,0.0009703,0.0009703,0.0009703,0.18856,0
11,49.7278,1.24734,1.91519,0.00701,0.52739,0.45629,0.48588,0.16033,2.01364,2.37405,0.01042,0.000967,0.000967,0.000967,0.16033,0
12,53.6527,1.30122,1.92378,0.00741,0.66142,0.46154,0.56266,0.19388,1.92971,2.28403,0.00985,0.0009637,0.0009637,0.0009637,0.19388,0
13,57.6391,1.3445,1.80269,0.00757,0.66158,0.48189,0.58756,0.2548,1.75778,2.05568,0.00876,0.0009604,0.0009604,0.0009604,0.2548,0
14,61.583,1.25946,1.61708,0.00697,0.65785,0.5472,0.62163,0.3137,1.68857,1.89372,0.00832,0.0009571,0.0009571,0.0009571,0.3137,0
15,65.5023,1.34665,1.58859,0.00755,0.73943,0.58042,0.68535,0.28918,1.82469,1.93961,0.00915,0.0009538,0.0009538,0.0009538,0.28918,0
16,69.5262,1.26952,1.47363,0.00719,0.7088,0.60851,0.68693,0.27383,1.85815,1.95311,0.0094,0.0009505,0.0009505,0.0009505,0.27383,0
17,73.4644,1.22169,1.39906,0.00682,0.72229,0.66084,0.73817,0.31953,1.8033,1.78969,0.00896,0.0009472,0.0009472,0.0009472,0.31953,0
18,77.3723,1.2625,1.32709,0.00698,0.7604,0.6451,0.76752,0.36258,1.71553,1.6711,0.00845,0.0009439,0.0009439,0.0009439,0.36258,0
19,81.2741,1.21836,1.2559,0.00669,0.74012,0.67712,0.78024,0.38031,1.73366,1.56217,0.0086,0.0009406,0.0009406,0.0009406,0.38031,0
20,85.3355,1.20133,1.18771,0.00663,0.84835,0.63462,0.79577,0.3794,1.77336,1.48095,0.0089,0.0009373,0.0009373,0.0009373,0.3794,0
21,89.3102,1.23938,1.17586,0.00695,0.90972,0.65909,0.80681,0.38131,1.77924,1.47866,0.00891,0.000934,0.000934,0.000934,0.38131,0
22,93.3577,1.20153,1.12238,0.00672,0.7523,0.72378,0.79586,0.37459,1.76312,1.47355,0.00885,0.0009307,0.0009307,0.0009307,0.37459,0
23,97.5117,1.17242,1.06305,0.00657,0.72575,0.72028,0.7945,0.38424,1.79112,1.47566,0.00895,0.0009274,0.0009274,0.0009274,0.38424,0
24,101.494,1.21711,1.02182,0.00681,0.74255,0.72203,0.7994,0.39475,1.78733,1.48683,0.00892,0.0009241,0.0009241,0.0009241,0.39475,0
25,105.479,1.18532,0.96169,0.00657,0.77331,0.72758,0.80876,0.41005,1.77771,1.49832,0.00883,0.0009208,0.0009208,0.0009208,0.41005,0
26,109.48,1.17262,0.91018,0.0065,0.7795,0.72028,0.81164,0.40636,1.78131,1.53862,0.0089,0.0009175,0.0009175,0.0009175,0.40636,0
27,113.501,1.13676,0.87907,0.00628,0.80691,0.70866,0.83344,0.42049,1.78359,1.53971,0.00892,0.0009142,0.0009142,0.0009142,0.42049,0
28,117.523,1.09765,0.84499,0.00609,0.81384,0.71845,0.84108,0.43036,1.76814,1.48787,0.00879,0.0009109,0.0009109,0.0009109,0.43036,0
29,121.645,1.10064,0.82582,0.0061,0.78816,0.76753,0.85268,0.40948,1.8591,1.35091,0.00942,0.0009076,0.0009076,0.0009076,0.40948,0
30,125.712,1.19816,0.82505,0.0065,0.79188,0.77162,0.84543,0.45036,1.73751,1.25785,0.00857,0.0009043,0.0009043,0.0009043,0.45036,0
31,129.747,1.10604,0.79075,0.00605,0.79562,0.75544,0.84794,0.45842,1.73635,1.23163,0.00858,0.000901,0.000901,0.000901,0.45842,0
32,133.78,1.15816,0.80186,0.00627,0.8632,0.75013,0.85872,0.46858,1.72427,1.19416,0.00848,0.0008977,0.0008977,0.0008977,0.46858,0
33,137.721,1.08484,0.77539,0.00601,0.85724,0.75582,0.86788,0.45598,1.7664,1.16633,0.00877,0.0008944,0.0008944,0.0008944,0.45598,0
34,141.697,1.11047,0.7645,0.00616,0.86938,0.80594,0.8732,0.43915,1.81555,1.21425,0.00913,0.0008911,0.0008911,0.0008911,0.43915,0
35,145.657,1.08501,0.74645,0.00592,0.87101,0.76733,0.88589,0.47041,1.74243,1.23462,0.00862,0.0008878,0.0008878,0.0008878,0.47041,0
36,149.543,1.06557,0.6979,0.00576,0.87404,0.78497,0.88268,0.46266,1.77952,1.25194,0.00882,0.0008845,0.0008845,0.0008845,0.46266,0
37,153.387,1.06883,0.70272,0.00583,0.83391,0.78997,0.8827,0.44616,1.80376,1.25566,0.00905,0.0008812,0.0008812,0.0008812,0.44616,0
38,157.493,1.02735,0.68005,0.00565,0.80837,0.81125,0.8787,0.44713,1.79786,1.22384,0.00899,0.0008779,0.0008779,0.0008779,0.44713,0
39,161.391,1.03683,0.68717,0.00567,0.8568,0.83566,0.89839,0.45976,1.78688,1.12555,0.00896,0.0008746,0.0008746,0.0008746,0.45976,0
40,165.381,1.00138,0.64967,0.0054,0.86554,0.80594,0.88612,0.44968,1.79906,1.12258,0.00905,0.0008713,0.0008713,0.0008713,0.44968,0
41,169.378,1.00617,0.65438,0.00544,0.87315,0.81119,0.88761,0.45432,1.77365,1.12333,0.00888,0.000868,0.000868,0.000868,0.45432,0
42,173.39,1.04075,0.65246,0.00559,0.85552,0.80944,0.8912,0.46889,1.72703,1.07182,0.00857,0.0008647,0.0008647,0.0008647,0.46889,0
43,177.441,1.01024,0.63294,0.00557,0.8769,0.81294,0.89983,0.45957,1.77501,1.05916,0.00887,0.0008614,0.0008614,0.0008614,0.45957,0
44,181.407,1.02748,0.62882,0.00558,0.88121,0.83392,0.90299,0.48254,1.68376,1.05857,0.00832,0.0008581,0.0008581,0.0008581,0.48254,0
45,185.453,1.02383,0.61082,0.00555,0.90144,0.83392,0.91006,0.48133,1.69981,1.04587,0.00844,0.0008548,0.0008548,0.0008548,0.48133,0
46,189.575,0.98592,0.60329,0.00529,0.90063,0.83916,0.91262,0.44425,1.84312,1.04624,0.00934,0.0008515,0.0008515,0.0008515,0.44425,0
47,193.571,0.98967,0.60321,0.00541,0.89296,0.81671,0.90794,0.47716,1.74481,1.0188,0.00869,0.0008482,0.0008482,0.0008482,0.47716,0
48,197.479,0.97895,0.5793,0.00522,0.88044,0.82394,0.90568,0.51071,1.60878,1.00702,0.00785,0.0008449,0.0008449,0.0008449,0.51071,0
49,201.372,0.96248,0.56173,0.00521,0.90451,0.81294,0.90825,0.49183,1.66709,1.00368,0.0082,0.0008416,0.0008416,0.0008416,0.49183,0
50,205.472,0.96744,0.57275,0.00519,0.90008,0.83465,0.90982,0.5024,1.63362,0.9997,0.00803,0.0008383,0.0008383,0.0008383,0.5024,0
51,209.594,0.9757,0.56646,0.00521,0.88861,0.85077,0.91228,0.5003,1.64752,0.99772,0.00812,0.000835,0.000835,0.000835,0.5003,0
52,213.812,0.93136,0.54753,0.00502,0.88859,0.83916,0.90757,0.48988,1.68466,1.02787,0.00833,0.0008317,0.0008317,0.0008317,0.48988,0
53,217.918,0.94248,0.55107,0.00504,0.88269,0.83741,0.89931,0.50447,1.61355,1.01888,0.00786,0.0008284,0.0008284,0.0008284,0.50447,0
54,222.121,0.94644,0.54553,0.00509,0.87067,0.84965,0.90483,0.46846,1.74942,1.03382,0.00872,0.0008251,0.0008251,0.0008251,0.46846,0
55,226.344,0.96863,0.55084,0.0052,0.83585,0.86351,0.89836,0.4933,1.64691,0.98187,0.00811,0.0008218,0.0008218,0.0008218,0.4933,0
56,230.427,0.9306,0.52353,0.00508,0.82053,0.86325,0.89761,0.49471,1.64196,0.96378,0.00809,0.0008185,0.0008185,0.0008185,0.49471,0
57,234.517,0.9519,0.53311,0.00517,0.87265,0.86252,0.90988,0.46844,1.75344,0.97972,0.00877,0.0008152,0.0008152,0.0008152,0.46844,0
58,238.544,0.96558,0.53223,0.00516,0.86964,0.86014,0.91193,0.49579,1.68421,0.9603,0.00829,0.0008119,0.0008119,0.0008119,0.49579,0
59,242.715,0.95744,0.52145,0.0051,0.85556,0.8595,0.90831,0.50402,1.62491,0.95305,0.00792,0.0008086,0.0008086,0.0008086,0.50402,0
60,246.997,0.94544,0.50738,0.00513,0.87889,0.83916,0.91071,0.43821,1.89254,0.98367,0.00962,0.0008053,0.0008053,0.0008053,0.43821,0
61,251.099,0.91852,0.51092,0.00507,0.91096,0.84615,0.91955,0.44811,1.84192,0.97623,0.00932,0.000802,0.000802,0.000802,0.44811,0
62,255.471,0.94099,0.50844,0.00504,0.87431,0.85124,0.91392,0.49393,1.66931,0.92727,0.00818,0.0007987,0.0007987,0.0007987,0.49393,0
63,259.449,0.89999,0.49009,0.00495,0.88477,0.84091,0.91584,0.46135,1.78683,0.93565,0.00891,0.0007954,0.0007954,0.0007954,0.46135,0
64,263.534,1.01539,0.52215,0.00551,0.88711,0.84965,0.90636,0.34259,2.19275,1.03519,0.01161,0.0007921,0.0007921,0.0007921,0.34259,0
65,267.501,1.04515,0.51111,0.00575,0.88109,0.85664,0.91605,0.42344,1.91034,0.93108,0.00965,0.0007888,0.0007888,0.0007888,0.42344,0
66,271.739,0.98185,0.51779,0.00529,0.88313,0.85873,0.92195,0.50393,1.63883,0.89966,0.00796,0.0007855,0.0007855,0.0007855,0.50393,0
67,275.646,1.13552,0.54169,0.0061,0.88557,0.8659,0.92214,0.52645,1.57272,0.89223,0.00759,0.0007822,0.0007822,0.0007822,0.52645,0
68,279.568,1.11751,0.5175,0.00602,0.90165,0.84946,0.92775,0.50083,1.65068,0.88583,0.00808,0.0007789,0.0007789,0.0007789,0.50083,0
69,283.59,0.958,0.49003,0.00504,0.92462,0.83628,0.91632,0.4046,1.99694,0.95129,0.01034,0.0007756,0.0007756,0.0007756,0.4046,0
70,287.65,0.92924,0.47404,0.00505,0.90914,0.8397,0.91772,0.46966,1.75081,0.91622,0.00869,0.0007723,0.0007723,0.0007723,0.46966,0
71,292.017,0.90912,0.48536,0.00486,0.91768,0.83802,0.92362,0.50728,1.60626,0.89936,0.00781,0.000769,0.000769,0.000769,0.50728,0
72,296.055,0.91654,0.47638,0.00485,0.90915,0.85726,0.92421,0.49276,1.67959,0.9081,0.00826,0.0007657,0.0007657,0.0007657,0.49276,0
73,299.959,0.90187,0.46447,0.0049,0.911,0.85895,0.92752,0.4607,1.79745,0.93669,0.00901,0.0007624,0.0007624,0.0007624,0.4607,0
74,303.946,0.9536,0.47299,0.00518,0.92045,0.83916,0.92383,0.45089,1.83947,0.92627,0.0093,0.0007591,0.0007591,0.0007591,0.45089,0
75,307.921,0.91857,0.4723,0.00496,0.93538,0.83511,0.92695,0.5199,1.61356,0.84216,0.00791,0.0007558,0.0007558,0.0007558,0.5199,0
76,311.909,0.8996,0.46656,0.00484,0.92034,0.84832,0.93116,0.5221,1.61218,0.83697,0.0079,0.0007525,0.0007525,0.0007525,0.5221,0
77,315.978,0.89171,0.45274,0.00481,0.93712,0.8479,0.93274,0.4668,1.7979,0.89802,0.00904,0.0007492,0.0007492,0.0007492,0.4668,0
78,320.24,0.87281,0.44224,0.00469,0.91548,0.85215,0.93136,0.46422,1.7959,0.91268,0.00903,0.0007459,0.0007459,0.0007459,0.46422,0
79,324.386,0.89272,0.44472,0.00473,0.93557,0.83779,0.92659,0.50682,1.64784,0.89092,0.0081,0.0007426,0.0007426,0.0007426,0.50682,0
80,328.239,0.86753,0.44447,0.00462,0.90156,0.86461,0.93158,0.47574,1.75945,0.90968,0.00877,0.0007393,0.0007393,0.0007393,0.47574,0
81,332.142,0.88219,0.44159,0.0047,0.92968,0.85315,0.9334,0.43793,1.89043,0.93959,0.00958,0.000736,0.000736,0.000736,0.43793,0
82,336.067,0.88731,0.44856,0.00483,0.9045,0.861,0.92949,0.44897,1.83491,0.90433,0.00923,0.0007327,0.0007327,0.0007327,0.44897,0
83,340.114,0.84272,0.42682,0.00448,0.91745,0.85494,0.93474,0.47286,1.76086,0.87338,0.00879,0.0007294,0.0007294,0.0007294,0.47286,0
84,344.06,0.8598,0.42054,0.0046,0.92435,0.85315,0.93297,0.49451,1.6846,0.86144,0.00839,0.0007261,0.0007261,0.0007261,0.49451,0
85,348,0.8546,0.43477,0.00451,0.88197,0.87238,0.92705,0.48218,1.73046,0.88772,0.0086,0.0007228,0.0007228,0.0007228,0.48218,0
86,351.851,0.84772,0.42137,0.00452,0.8919,0.86014,0.92684,0.47519,1.75736,0.89387,0.00876,0.0007195,0.0007195,0.0007195,0.47519,0
87,355.774,0.84326,0.4143,0.00452,0.91111,0.85839,0.92779,0.50306,1.6722,0.83054,0.00829,0.0007162,0.0007162,0.0007162,0.50306,0
88,359.728,0.82431,0.40033,0.00441,0.90193,0.86538,0.92608,0.50502,1.65941,0.83434,0.0082,0.0007129,0.0007129,0.0007129,0.50502,0
89,363.723,0.86558,0.40257,0.00465,0.91411,0.84615,0.92846,0.47742,1.73645,0.85672,0.00869,0.0007096,0.0007096,0.0007096,0.47742,0
90,367.788,0.86423,0.41163,0.00457,0.94794,0.84615,0.93386,0.51805,1.60905,0.82768,0.00793,0.0007063,0.0007063,0.0007063,0.51805,0
91,371.658,0.87525,0.41642,0.00461,0.94953,0.84266,0.93565,0.5033,1.6647,0.85373,0.00826,0.000703,0.000703,0.000703,0.5033,0
92,375.626,0.85481,0.40196,0.00448,0.93107,0.85016,0.93349,0.45439,1.83542,0.89816,0.00926,0.0006997,0.0006997,0.0006997,0.45439,0
93,379.525,0.85773,0.40566,0.00462,0.95077,0.84417,0.93154,0.45426,1.84056,0.8915,0.00928,0.0006964,0.0006964,0.0006964,0.45426,0
94,383.484,0.85769,0.39199,0.00454,0.93155,0.86189,0.93749,0.48948,1.73317,0.82454,0.00865,0.0006931,0.0006931,0.0006931,0.48948,0
95,387.468,0.86422,0.40549,0.00457,0.91358,0.85011,0.92669,0.50735,1.66121,0.83411,0.00822,0.0006898,0.0006898,0.0006898,0.50735,0
96,391.474,0.86935,0.40023,0.0046,0.91272,0.84266,0.92563,0.50264,1.67318,0.84048,0.00828,0.0006865,0.0006865,0.0006865,0.50264,0
97,395.342,0.84207,0.39065,0.00445,0.95193,0.83741,0.93652,0.48895,1.73435,0.84588,0.00864,0.0006832,0.0006832,0.0006832,0.48895,0
98,399.163,0.85847,0.39581,0.00457,0.96274,0.8479,0.93769,0.50276,1.68871,0.82956,0.00836,0.0006799,0.0006799,0.0006799,0.50276,0
99,403.066,0.827,0.38043,0.00437,0.95653,0.84627,0.93869,0.48599,1.75117,0.83286,0.00877,0.0006766,0.0006766,0.0006766,0.48599,0
100,406.992,0.85992,0.38948,0.00452,0.93519,0.86364,0.9414,0.48565,1.75895,0.82083,0.00882,0.0006733,0.0006733,0.0006733,0.48565,0
101,410.931,0.80502,0.38044,0.00429,0.94864,0.87184,0.94442,0.48706,1.76263,0.79584,0.00883,0.00067,0.00067,0.00067,0.48706,0
102,414.883,0.81759,0.36876,0.00436,0.94429,0.87413,0.94749,0.48264,1.78632,0.80307,0.00895,0.0006667,0.0006667,0.0006667,0.48264,0
103,418.853,0.80247,0.36503,0.00426,0.93262,0.87113,0.94646,0.46747,1.82929,0.81912,0.00924,0.0006634,0.0006634,0.0006634,0.46747,0
104,422.708,0.80568,0.37354,0.0043,0.95995,0.87988,0.95026,0.48825,1.76411,0.78781,0.00887,0.0006601,0.0006601,0.0006601,0.48825,0
105,426.584,0.82156,0.35452,0.00438,0.9628,0.87238,0.94777,0.51259,1.6672,0.74679,0.00824,0.0006568,0.0006568,0.0006568,0.51259,0
106,430.443,0.81984,0.3687,0.00438,0.95229,0.87762,0.94891,0.49559,1.73211,0.74135,0.00859,0.0006535,0.0006535,0.0006535,0.49559,0
107,434.341,0.83476,0.36161,0.00436,0.95405,0.87587,0.94963,0.48436,1.76912,0.77798,0.00882,0.0006502,0.0006502,0.0006502,0.48436,0
108,438.277,0.80509,0.3561,0.00424,0.96157,0.87587,0.95095,0.51413,1.65461,0.74573,0.00816,0.0006469,0.0006469,0.0006469,0.51413,0
109,442.098,0.8285,0.36676,0.00433,0.94794,0.87937,0.95304,0.51094,1.66883,0.72786,0.00828,0.0006436,0.0006436,0.0006436,0.51094,0
110,445.895,0.81458,0.3491,0.00433,0.94684,0.87413,0.94824,0.52715,1.62597,0.72211,0.00797,0.0006403,0.0006403,0.0006403,0.52715,0
111,449.811,0.80585,0.34165,0.00426,0.93879,0.87587,0.95061,0.5202,1.64904,0.74164,0.00808,0.000637,0.000637,0.000637,0.5202,0
112,453.68,0.80433,0.3459,0.00434,0.9119,0.90559,0.95105,0.50756,1.68671,0.76406,0.00835,0.0006337,0.0006337,0.0006337,0.50756,0
113,457.588,0.8067,0.34655,0.00429,0.92707,0.88893,0.95403,0.50159,1.69759,0.77002,0.00849,0.0006304,0.0006304,0.0006304,0.50159,0
114,461.45,0.80943,0.33864,0.00425,0.92966,0.88811,0.95043,0.5298,1.57798,0.77278,0.00781,0.0006271,0.0006271,0.0006271,0.5298,0
115,465.296,0.82368,0.33497,0.00433,0.93892,0.87762,0.94555,0.51057,1.64775,0.78301,0.00815,0.0006238,0.0006238,0.0006238,0.51057,0
116,469.326,0.79788,0.33454,0.00426,0.95012,0.86586,0.94607,0.48703,1.71952,0.81606,0.00858,0.0006205,0.0006205,0.0006205,0.48703,0
117,473.259,0.80954,0.34336,0.00434,0.92121,0.90035,0.95246,0.47199,1.76728,0.8359,0.00891,0.0006172,0.0006172,0.0006172,0.47199,0
118,477.143,0.80486,0.33013,0.00426,0.94401,0.88462,0.95277,0.4952,1.71686,0.8077,0.00858,0.0006139,0.0006139,0.0006139,0.4952,0
119,481.06,0.7923,0.33156,0.00413,0.9155,0.91434,0.95407,0.46373,1.82814,0.83615,0.00919,0.0006106,0.0006106,0.0006106,0.46373,0
120,485.07,0.77242,0.32304,0.00416,0.92605,0.89336,0.94829,0.51605,1.63565,0.78847,0.00803,0.0006073,0.0006073,0.0006073,0.51605,0
121,489.196,0.80579,0.32715,0.00422,0.93081,0.89371,0.95102,0.53273,1.58479,0.77077,0.0078,0.000604,0.000604,0.000604,0.53273,0
122,493.117,0.78013,0.31683,0.00425,0.94957,0.87937,0.94741,0.48834,1.73961,0.81026,0.00877,0.0006007,0.0006007,0.0006007,0.48834,0
123,496.964,0.80183,0.31836,0.00425,0.95954,0.87063,0.94513,0.47999,1.77214,0.81712,0.00891,0.0005974,0.0005974,0.0005974,0.47999,0
124,501.015,0.80353,0.32064,0.00422,0.94673,0.86997,0.941,0.49952,1.68933,0.81341,0.00834,0.0005941,0.0005941,0.0005941,0.49952,0
125,504.875,0.77417,0.3142,0.00411,0.94477,0.86728,0.94268,0.48751,1.74764,0.81852,0.00877,0.0005908,0.0005908,0.0005908,0.48751,0
126,508.685,0.79353,0.31177,0.00416,0.93332,0.88089,0.9416,0.50986,1.69318,0.78222,0.00846,0.0005875,0.0005875,0.0005875,0.50986,0
127,512.621,0.79048,0.31573,0.00418,0.96197,0.87413,0.94404,0.52836,1.64012,0.75284,0.00816,0.0005842,0.0005842,0.0005842,0.52836,0
128,516.544,0.79081,0.3206,0.00411,0.96708,0.87587,0.94743,0.50097,1.73833,0.77098,0.00877,0.0005809,0.0005809,0.0005809,0.50097,0
129,520.539,0.79913,0.31202,0.00425,0.92662,0.90909,0.94932,0.46366,1.88058,0.80552,0.00962,0.0005776,0.0005776,0.0005776,0.46366,0
130,524.504,0.78479,0.31139,0.00421,0.94435,0.91259,0.95475,0.49685,1.75861,0.76201,0.00884,0.0005743,0.0005743,0.0005743,0.49685,0
131,528.371,0.76564,0.3115,0.00406,0.94242,0.91561,0.95604,0.49608,1.76088,0.7581,0.00888,0.000571,0.000571,0.000571,0.49608,0
132,532.283,0.78059,0.3056,0.00407,0.93486,0.92308,0.95779,0.48955,1.79384,0.74384,0.00907,0.0005677,0.0005677,0.0005677,0.48955,0
133,536.119,0.76611,0.30648,0.00403,0.92586,0.91693,0.95584,0.52423,1.67172,0.7122,0.00829,0.0005644,0.0005644,0.0005644,0.52423,0
134,539.976,0.80441,0.3124,0.00419,0.94559,0.91146,0.9596,0.51833,1.67953,0.70986,0.00832,0.0005611,0.0005611,0.0005611,0.51833,0
135,543.887,0.78727,0.30738,0.00409,0.95785,0.90385,0.95499,0.48514,1.78979,0.72672,0.00904,0.0005578,0.0005578,0.0005578,0.48514,0
136,547.807,0.77089,0.30438,0.00411,0.95216,0.90466,0.95578,0.50053,1.72473,0.72768,0.00867,0.0005545,0.0005545,0.0005545,0.50053,0
137,551.662,0.7793,0.30718,0.00413,0.95078,0.91188,0.95434,0.49432,1.74844,0.7329,0.00886,0.0005512,0.0005512,0.0005512,0.49432,0
138,555.56,0.78603,0.30066,0.00407,0.94879,0.90695,0.95195,0.48531,1.79046,0.73542,0.00909,0.0005479,0.0005479,0.0005479,0.48531,0
139,559.534,0.77501,0.30544,0.00404,0.92315,0.88811,0.9483,0.5006,1.73789,0.73912,0.00872,0.0005446,0.0005446,0.0005446,0.5006,0
140,563.346,0.77486,0.30031,0.004,0.94199,0.88005,0.94871,0.49198,1.76637,0.75418,0.00889,0.0005413,0.0005413,0.0005413,0.49198,0
141,567.327,0.7698,0.29986,0.00409,0.92795,0.89685,0.94948,0.47957,1.80369,0.77676,0.00913,0.000538,0.000538,0.000538,0.47957,0
142,571.443,0.77358,0.29759,0.00401,0.92218,0.91958,0.95024,0.47181,1.83502,0.77671,0.0093,0.0005347,0.0005347,0.0005347,0.47181,0
143,575.284,0.76423,0.289,0.0041,0.92255,0.92483,0.95107,0.47998,1.80434,0.76274,0.00911,0.0005314,0.0005314,0.0005314,0.47998,0
144,579.156,0.75407,0.28808,0.00401,0.92783,0.92146,0.94749,0.47699,1.81269,0.75134,0.00922,0.0005281,0.0005281,0.0005281,0.47699,0
145,583.091,0.76778,0.29745,0.00395,0.94926,0.92308,0.9493,0.49239,1.74847,0.74933,0.00889,0.0005248,0.0005248,0.0005248,0.49239,0
146,587.018,0.75471,0.28207,0.00401,0.94798,0.91608,0.9515,0.4956,1.73705,0.75443,0.0088,0.0005215,0.0005215,0.0005215,0.4956,0
147,590.933,0.76771,0.29493,0.004,0.93005,0.90657,0.94277,0.47599,1.79662,0.76844,0.00914,0.0005182,0.0005182,0.0005182,0.47599,0
148,594.866,0.75766,0.28003,0.00396,0.91727,0.91958,0.94864,0.49412,1.74021,0.74251,0.00879,0.0005149,0.0005149,0.0005149,0.49412,0
149,598.84,0.76611,0.28399,0.00395,0.95074,0.91608,0.95027,0.51477,1.66909,0.70527,0.00835,0.0005116,0.0005116,0.0005116,0.51477,0
150,602.806,0.74137,0.28149,0.00397,0.95067,0.90973,0.94785,0.48314,1.77676,0.73357,0.00901,0.0005083,0.0005083,0.0005083,0.48314,0
151,606.706,0.76003,0.28175,0.00403,0.95294,0.91783,0.95263,0.49205,1.74496,0.73012,0.00879,0.000505,0.000505,0.000505,0.49205,0
152,610.604,0.74394,0.28138,0.0039,0.95283,0.9181,0.95924,0.51162,1.69391,0.69123,0.00847,0.0005017,0.0005017,0.0005017,0.51162,0
153,614.536,0.75753,0.28008,0.00393,0.95571,0.92133,0.96018,0.50138,1.7416,0.6966,0.00877,0.0004984,0.0004984,0.0004984,0.50138,0
154,618.353,0.74435,0.27881,0.00391,0.9544,0.93007,0.96187,0.48584,1.80962,0.69903,0.00917,0.0004951,0.0004951,0.0004951,0.48584,0
155,622.283,0.76234,0.27976,0.00396,0.95342,0.93041,0.96175,0.51935,1.69379,0.66384,0.00844,0.0004918,0.0004918,0.0004918,0.51935,0
156,626.304,0.74767,0.28028,0.00394,0.96167,0.92103,0.95873,0.51316,1.70691,0.67094,0.00851,0.0004885,0.0004885,0.0004885,0.51316,0
157,630.205,0.76078,0.27304,0.00403,0.96118,0.91084,0.95509,0.48697,1.79746,0.68931,0.00906,0.0004852,0.0004852,0.0004852,0.48697,0
158,634.11,0.75435,0.27762,0.00396,0.96132,0.91783,0.95617,0.50453,1.73429,0.66958,0.00867,0.0004819,0.0004819,0.0004819,0.50453,0
159,638.135,0.76669,0.27509,0.00397,0.94935,0.92657,0.96367,0.52706,1.6597,0.64099,0.00822,0.0004786,0.0004786,0.0004786,0.52706,0
160,642.012,0.73632,0.26918,0.00389,0.94921,0.93357,0.96484,0.49681,1.75059,0.6576,0.0088,0.0004753,0.0004753,0.0004753,0.49681,0
161,645.933,0.74433,0.26431,0.00388,0.94367,0.93721,0.96407,0.50169,1.73159,0.66735,0.0087,0.000472,0.000472,0.000472,0.50169,0
162,649.837,0.74655,0.27048,0.00391,0.95469,0.93007,0.96267,0.55189,1.56779,0.63689,0.00772,0.0004687,0.0004687,0.0004687,0.55189,0
163,653.792,0.74774,0.26619,0.00391,0.95691,0.93179,0.96176,0.54833,1.55636,0.64213,0.00764,0.0004654,0.0004654,0.0004654,0.54833,0
164,657.694,0.76236,0.27423,0.00397,0.94818,0.94056,0.96309,0.51578,1.66022,0.68106,0.00825,0.0004621,0.0004621,0.0004621,0.51578,0
165,661.508,0.72232,0.26082,0.00387,0.95189,0.93182,0.96281,0.50249,1.70022,0.69069,0.00848,0.0004588,0.0004588,0.0004588,0.50249,0
166,665.738,0.7357,0.26465,0.00383,0.95153,0.92659,0.96243,0.52233,1.64619,0.67871,0.00815,0.0004555,0.0004555,0.0004555,0.52233,0
167,669.882,0.71912,0.26623,0.00386,0.94829,0.92981,0.96041,0.51628,1.6644,0.68731,0.00828,0.0004522,0.0004522,0.0004522,0.51628,0
168,673.817,0.72485,0.26764,0.00377,0.93963,0.93531,0.95724,0.49021,1.75581,0.71335,0.00885,0.0004489,0.0004489,0.0004489,0.49021,0
169,677.891,0.73169,0.25953,0.00384,0.95129,0.9219,0.95444,0.4863,1.7936,0.70757,0.00908,0.0004456,0.0004456,0.0004456,0.4863,0
170,681.717,0.71514,0.26334,0.00374,0.95524,0.93284,0.958,0.50578,1.7182,0.69591,0.00865,0.0004423,0.0004423,0.0004423,0.50578,0
171,685.556,0.73108,0.25921,0.00381,0.95657,0.92406,0.95648,0.49576,1.74689,0.70674,0.00884,0.000439,0.000439,0.000439,0.49576,0
172,689.366,0.72697,0.26368,0.00375,0.95151,0.92633,0.95633,0.49237,1.76195,0.69568,0.00895,0.0004357,0.0004357,0.0004357,0.49237,0
173,693.2,0.72677,0.26729,0.00372,0.95817,0.92657,0.95627,0.48988,1.76146,0.69996,0.00892,0.0004324,0.0004324,0.0004324,0.48988,0
174,697.012,0.72934,0.26406,0.00376,0.95817,0.92308,0.95706,0.52221,1.64703,0.67726,0.00821,0.0004291,0.0004291,0.0004291,0.52221,0
175,700.834,0.7103,0.25789,0.00374,0.94048,0.93182,0.95362,0.50623,1.69958,0.67426,0.00852,0.0004258,0.0004258,0.0004258,0.50623,0
176,704.907,0.72164,0.25057,0.0038,0.93519,0.93345,0.95368,0.50851,1.69988,0.67151,0.00853,0.0004225,0.0004225,0.0004225,0.50851,0
177,708.809,0.70882,0.25598,0.00373,0.95167,0.92939,0.95575,0.51937,1.66417,0.66112,0.00831,0.0004192,0.0004192,0.0004192,0.51937,0
178,712.856,0.72044,0.25694,0.00375,0.95829,0.92378,0.95594,0.50717,1.70702,0.66917,0.00855,0.0004159,0.0004159,0.0004159,0.50717,0
179,716.755,0.7094,0.25548,0.00375,0.95319,0.92483,0.95819,0.47503,1.83501,0.71206,0.00931,0.0004126,0.0004126,0.0004126,0.47503,0
180,720.627,0.71247,0.25597,0.00369,0.93768,0.92071,0.95759,0.50277,1.73561,0.69753,0.00866,0.0004093,0.0004093,0.0004093,0.50277,0
181,724.558,0.72258,0.25827,0.00369,0.94762,0.91731,0.95802,0.51156,1.71017,0.689,0.00852,0.000406,0.000406,0.000406,0.51156,0
182,728.587,0.71125,0.2532,0.00373,0.93673,0.93706,0.95629,0.4761,1.80347,0.70772,0.00912,0.0004027,0.0004027,0.0004027,0.4761,0
183,732.72,0.7089,0.25191,0.00372,0.93913,0.93357,0.95538,0.48009,1.79515,0.70029,0.00909,0.0003994,0.0003994,0.0003994,0.48009,0
184,736.665,0.74544,0.25991,0.0039,0.93346,0.93191,0.95408,0.48897,1.76235,0.68309,0.00888,0.0003961,0.0003961,0.0003961,0.48897,0
185,740.521,0.75394,0.26429,0.00395,0.92797,0.92832,0.95714,0.48165,1.78768,0.71833,0.00901,0.0003928,0.0003928,0.0003928,0.48165,0
186,744.397,0.72918,0.25477,0.00385,0.93074,0.92657,0.9535,0.47077,1.83182,0.73325,0.00927,0.0003895,0.0003895,0.0003895,0.47077,0
187,748.282,0.72775,0.24975,0.00377,0.93916,0.93182,0.95216,0.47221,1.82677,0.73163,0.00926,0.0003862,0.0003862,0.0003862,0.47221,0
188,752.135,0.72474,0.25183,0.0038,0.93532,0.93536,0.9533,0.47869,1.8112,0.70617,0.0092,0.0003829,0.0003829,0.0003829,0.47869,0
189,755.978,0.72667,0.25661,0.00372,0.93841,0.93357,0.95259,0.47695,1.81131,0.69716,0.00922,0.0003796,0.0003796,0.0003796,0.47695,0
190,759.88,0.72194,0.25892,0.00374,0.93178,0.92308,0.95046,0.45941,1.88234,0.734,0.00963,0.0003763,0.0003763,0.0003763,0.45941,0
191,763.65,0.75428,0.25643,0.00384,0.95057,0.90771,0.95252,0.468,1.85976,0.723,0.00949,0.000373,0.000373,0.000373,0.468,0
192,767.442,0.69396,0.24272,0.00362,0.96111,0.90722,0.95268,0.50718,1.72097,0.68074,0.00861,0.0003697,0.0003697,0.0003697,0.50718,0
193,771.259,0.69682,0.25393,0.00366,0.95078,0.91185,0.95152,0.51494,1.69399,0.67878,0.00844,0.0003664,0.0003664,0.0003664,0.51494,0
194,775.038,0.70768,0.25425,0.00364,0.9577,0.91048,0.95702,0.50849,1.71119,0.70055,0.00854,0.0003631,0.0003631,0.0003631,0.50849,0
195,779.096,0.68539,0.24373,0.00356,0.95605,0.91276,0.95761,0.5051,1.71605,0.70487,0.0086,0.0003598,0.0003598,0.0003598,0.5051,0
196,782.98,0.69167,0.24811,0.0036,0.95819,0.92163,0.95745,0.4907,1.7575,0.7128,0.00887,0.0003565,0.0003565,0.0003565,0.4907,0
197,786.99,0.70622,0.25119,0.00366,0.96722,0.92308,0.95808,0.50055,1.73546,0.70583,0.00871,0.0003532,0.0003532,0.0003532,0.50055,0
198,790.722,0.69996,0.24938,0.00363,0.9697,0.91783,0.95821,0.51266,1.68686,0.69721,0.00841,0.0003499,0.0003499,0.0003499,0.51266,0
199,794.553,0.69609,0.24798,0.00361,0.9623,0.92483,0.95903,0.5289,1.64412,0.67267,0.00815,0.0003466,0.0003466,0.0003466,0.5289,0
200,798.368,0.68824,0.24144,0.00361,0.95732,0.92483,0.95624,0.50725,1.71218,0.67558,0.00857,0.0003433,0.0003433,0.0003433,0.50725,0
201,802.101,0.70314,0.24981,0.0036,0.96292,0.91958,0.95565,0.50314,1.71697,0.68733,0.0086,0.00034,0.00034,0.00034,0.50314,0
202,805.873,0.68121,0.24116,0.00353,0.95532,0.93182,0.95471,0.47795,1.81021,0.72004,0.00918,0.0003367,0.0003367,0.0003367,0.47795,0
203,809.715,0.72416,0.24529,0.00378,0.95753,0.93007,0.95474,0.47132,1.83555,0.7282,0.00935,0.0003334,0.0003334,0.0003334,0.47132,0
204,813.44,0.71321,0.25091,0.00371,0.95689,0.93125,0.95509,0.49754,1.74248,0.69895,0.00879,0.0003301,0.0003301,0.0003301,0.49754,0
205,817.139,0.69561,0.24483,0.00362,0.95927,0.93706,0.95526,0.50189,1.71471,0.68095,0.00862,0.0003268,0.0003268,0.0003268,0.50189,0
206,820.955,0.71159,0.24962,0.00368,0.95708,0.93007,0.95509,0.49371,1.754,0.67949,0.00885,0.0003235,0.0003235,0.0003235,0.49371,0
207,824.718,0.70281,0.24183,0.0037,0.95324,0.92133,0.95425,0.48608,1.77649,0.69675,0.00899,0.0003202,0.0003202,0.0003202,0.48608,0
208,828.556,0.69264,0.24298,0.00363,0.9491,0.92308,0.95409,0.48636,1.77825,0.70022,0.009,0.0003169,0.0003169,0.0003169,0.48636,0
209,832.429,0.69225,0.23886,0.00358,0.93731,0.93182,0.95449,0.49332,1.76056,0.68284,0.00893,0.0003136,0.0003136,0.0003136,0.49332,0
210,836.383,0.70708,0.24005,0.00362,0.94869,0.93881,0.95894,0.50539,1.72365,0.67377,0.00868,0.0003103,0.0003103,0.0003103,0.50539,0
211,840.443,0.69091,0.24278,0.0036,0.94569,0.94362,0.95903,0.51232,1.70543,0.66996,0.00857,0.000307,0.000307,0.000307,0.51232,0
212,844.295,0.69318,0.24297,0.0036,0.95688,0.93881,0.95964,0.50684,1.72722,0.67175,0.00867,0.0003037,0.0003037,0.0003037,0.50684,0
213,848.222,0.695,0.23592,0.00365,0.95559,0.94034,0.95598,0.50371,1.73903,0.66257,0.00876,0.0003004,0.0003004,0.0003004,0.50371,0
214,852.107,0.69708,0.24195,0.0036,0.95206,0.94755,0.95914,0.509,1.7095,0.64547,0.00859,0.0002971,0.0002971,0.0002971,0.509,0
215,855.997,0.69466,0.23554,0.00359,0.95532,0.93459,0.95859,0.5076,1.7027,0.65515,0.00856,0.0002938,0.0002938,0.0002938,0.5076,0
216,859.733,0.68684,0.23294,0.00355,0.95332,0.92835,0.95745,0.50761,1.70374,0.66287,0.00856,0.0002905,0.0002905,0.0002905,0.50761,0
217,863.402,0.68966,0.23646,0.0036,0.95544,0.92483,0.95386,0.49257,1.74393,0.69755,0.00881,0.0002872,0.0002872,0.0002872,0.49257,0
218,867.339,0.68074,0.23836,0.00351,0.94236,0.93706,0.95428,0.48406,1.77104,0.71618,0.00896,0.0002839,0.0002839,0.0002839,0.48406,0
219,871.161,0.67164,0.23532,0.00353,0.94788,0.93182,0.95384,0.4842,1.76316,0.71696,0.0089,0.0002806,0.0002806,0.0002806,0.4842,0
220,874.829,0.69152,0.23578,0.00354,0.94989,0.92785,0.95353,0.50297,1.70502,0.68626,0.00856,0.0002773,0.0002773,0.0002773,0.50297,0
221,878.506,0.66986,0.23659,0.0035,0.94478,0.92731,0.95335,0.50291,1.70301,0.68245,0.00855,0.000274,0.000274,0.000274,0.50291,0
222,882.213,0.67839,0.23153,0.00346,0.93186,0.93243,0.95243,0.48613,1.76345,0.6993,0.00893,0.0002707,0.0002707,0.0002707,0.48613,0
223,886.203,0.68237,0.2386,0.00351,0.93183,0.93201,0.9442,0.47908,1.79119,0.70412,0.00913,0.0002674,0.0002674,0.0002674,0.47908,0
224,890.066,0.67832,0.23161,0.00356,0.94455,0.93007,0.94461,0.49443,1.74253,0.68635,0.00882,0.0002641,0.0002641,0.0002641,0.49443,0
225,893.931,0.67403,0.23359,0.00345,0.9548,0.92321,0.95448,0.5104,1.68402,0.67348,0.00843,0.0002608,0.0002608,0.0002608,0.5104,0
226,897.779,0.68858,0.23406,0.00356,0.94446,0.92308,0.95078,0.50803,1.69245,0.67433,0.00847,0.0002575,0.0002575,0.0002575,0.50803,0
227,901.64,0.67156,0.22975,0.00348,0.95633,0.91886,0.95281,0.49283,1.73814,0.69332,0.00874,0.0002542,0.0002542,0.0002542,0.49283,0
228,905.566,0.67328,0.22558,0.00349,0.95605,0.92133,0.95333,0.4916,1.74975,0.69013,0.00881,0.0002509,0.0002509,0.0002509,0.4916,0
229,909.473,0.68163,0.23188,0.00354,0.95784,0.92483,0.95372,0.49508,1.74507,0.68061,0.0088,0.0002476,0.0002476,0.0002476,0.49508,0
230,913.305,0.70542,0.23564,0.00363,0.96565,0.91608,0.95437,0.49643,1.73437,0.67353,0.00875,0.0002443,0.0002443,0.0002443,0.49643,0
231,917.033,0.68436,0.2336,0.00354,0.95734,0.91783,0.95452,0.49467,1.73918,0.6758,0.00877,0.000241,0.000241,0.000241,0.49467,0
232,920.81,0.67585,0.22853,0.00353,0.95418,0.91783,0.95465,0.49413,1.72785,0.68583,0.00868,0.0002377,0.0002377,0.0002377,0.49413,0
233,924.557,0.67212,0.22958,0.00353,0.95479,0.91958,0.95499,0.49529,1.72451,0.68462,0.00864,0.0002344,0.0002344,0.0002344,0.49529,0
234,928.323,0.6765,0.23177,0.00352,0.95179,0.92483,0.95384,0.5042,1.68805,0.67286,0.0084,0.0002311,0.0002311,0.0002311,0.5042,0
235,932.289,0.67133,0.22417,0.00347,0.96101,0.92133,0.94857,0.5111,1.66764,0.6697,0.00827,0.0002278,0.0002278,0.0002278,0.5111,0
236,936.133,0.67355,0.22791,0.00348,0.96096,0.92308,0.94845,0.51114,1.67121,0.67294,0.0083,0.0002245,0.0002245,0.0002245,0.51114,0
237,940.185,0.66611,0.23025,0.00349,0.95748,0.92483,0.94837,0.49476,1.72351,0.69305,0.00862,0.0002212,0.0002212,0.0002212,0.49476,0
238,943.875,0.67549,0.23355,0.00349,0.96335,0.91897,0.94838,0.48671,1.75478,0.70204,0.00882,0.0002179,0.0002179,0.0002179,0.48671,0
239,947.737,0.67637,0.22478,0.00348,0.96624,0.91434,0.94828,0.48324,1.77315,0.7052,0.00896,0.0002146,0.0002146,0.0002146,0.48324,0
240,951.728,0.6669,0.22705,0.00346,0.96171,0.91608,0.94779,0.4935,1.73308,0.69226,0.00872,0.0002113,0.0002113,0.0002113,0.4935,0
241,955.514,0.66152,0.22183,0.00345,0.96825,0.91958,0.94902,0.49905,1.71207,0.68651,0.00858,0.000208,0.000208,0.000208,0.49905,0
242,959.354,0.66678,0.22854,0.0034,0.96214,0.92133,0.94905,0.50374,1.70008,0.68404,0.0085,0.0002047,0.0002047,0.0002047,0.50374,0
243,963.176,0.67654,0.22845,0.00345,0.95979,0.91805,0.94909,0.49879,1.70679,0.70462,0.00851,0.0002014,0.0002014,0.0002014,0.49879,0
244,967.075,0.66466,0.22089,0.00343,0.96303,0.9108,0.94789,0.496,1.72608,0.7084,0.00861,0.0001981,0.0001981,0.0001981,0.496,0
245,970.94,0.66503,0.22313,0.0034,0.96228,0.91084,0.94753,0.49453,1.72314,0.70909,0.00858,0.0001948,0.0001948,0.0001948,0.49453,0
246,974.811,0.65962,0.22531,0.00337,0.96639,0.91608,0.94858,0.49469,1.72392,0.70891,0.00859,0.0001915,0.0001915,0.0001915,0.49469,0
247,978.62,0.6482,0.21865,0.00334,0.95828,0.91608,0.94859,0.49254,1.72519,0.70958,0.0086,0.0001882,0.0001882,0.0001882,0.49254,0
248,982.399,0.6628,0.22356,0.00339,0.96326,0.91672,0.94876,0.49721,1.71058,0.70756,0.00852,0.0001849,0.0001849,0.0001849,0.49721,0
249,986.118,0.64287,0.22257,0.00334,0.96496,0.91478,0.94918,0.50083,1.6967,0.696,0.00846,0.0001816,0.0001816,0.0001816,0.50083,0
250,990.006,0.65424,0.22263,0.00341,0.94847,0.9332,0.94935,0.49931,1.704,0.69934,0.00851,0.0001783,0.0001783,0.0001783,0.49931,0
251,993.699,0.6669,0.21976,0.0034,0.95173,0.93063,0.9492,0.50202,1.69579,0.6989,0.00846,0.000175,0.000175,0.000175,0.50202,0
252,997.433,0.64846,0.21964,0.00336,0.96322,0.92308,0.94954,0.51048,1.66459,0.70109,0.00827,0.0001717,0.0001717,0.0001717,0.51048,0
253,1001.22,0.65594,0.2245,0.00337,0.96172,0.92133,0.94949,0.51159,1.66474,0.70474,0.00827,0.0001684,0.0001684,0.0001684,0.51159,0
254,1004.99,0.67132,0.22597,0.00344,0.95536,0.92308,0.94937,0.49705,1.70849,0.71914,0.00852,0.0001651,0.0001651,0.0001651,0.49705,0
255,1008.79,0.65545,0.22151,0.00343,0.94807,0.92556,0.94947,0.48297,1.76166,0.71721,0.00884,0.0001618,0.0001618,0.0001618,0.48297,0
256,1012.49,0.6627,0.22156,0.0034,0.94658,0.92944,0.95512,0.48344,1.76274,0.71536,0.00887,0.0001585,0.0001585,0.0001585,0.48344,0
257,1016.32,0.64893,0.21994,0.00336,0.95013,0.93531,0.94954,0.48822,1.74167,0.70113,0.00875,0.0001552,0.0001552,0.0001552,0.48822,0
258,1020.24,0.6641,0.21859,0.00338,0.95063,0.93357,0.9495,0.49385,1.72322,0.69851,0.00863,0.0001519,0.0001519,0.0001519,0.49385,0
259,1024.18,0.6528,0.22279,0.00334,0.94836,0.93105,0.95593,0.50283,1.70474,0.69437,0.00855,0.0001486,0.0001486,0.0001486,0.50283,0
260,1027.92,0.64696,0.21181,0.00334,0.95321,0.92604,0.95594,0.49369,1.74306,0.69581,0.00877,0.0001453,0.0001453,0.0001453,0.49369,0
261,1031.68,0.66553,0.21755,0.00337,0.96065,0.91783,0.94757,0.4865,1.76645,0.70075,0.00891,0.000142,0.000142,0.000142,0.4865,0
262,1035.45,0.64921,0.21684,0.00337,0.95626,0.9173,0.95342,0.48043,1.78113,0.69928,0.00901,0.0001387,0.0001387,0.0001387,0.48043,0
263,1039.28,0.64972,0.21499,0.00336,0.95485,0.92432,0.94691,0.48365,1.77413,0.69403,0.00896,0.0001354,0.0001354,0.0001354,0.48365,0
264,1043.12,0.65801,0.2171,0.00344,0.95816,0.92094,0.94655,0.49493,1.73875,0.67489,0.00874,0.0001321,0.0001321,0.0001321,0.49493,0
265,1046.91,0.65848,0.22271,0.00337,0.95974,0.92133,0.94644,0.50119,1.71055,0.66906,0.00856,0.0001288,0.0001288,0.0001288,0.50119,0
266,1050.62,0.65202,0.21419,0.00335,0.95998,0.92263,0.94681,0.50227,1.70892,0.66922,0.00856,0.0001255,0.0001255,0.0001255,0.50227,0
267,1054.47,0.65087,0.21639,0.00333,0.95302,0.92207,0.94632,0.49729,1.73551,0.68363,0.00873,0.0001222,0.0001222,0.0001222,0.49729,0
268,1058.37,0.66412,0.21899,0.00336,0.95175,0.92483,0.94681,0.49085,1.75646,0.69373,0.00886,0.0001189,0.0001189,0.0001189,0.49085,0
269,1062.27,0.64519,0.21165,0.0033,0.9577,0.92308,0.94934,0.48395,1.78435,0.70066,0.00904,0.0001156,0.0001156,0.0001156,0.48395,0
270,1066.14,0.63515,0.2145,0.00334,0.95654,0.92342,0.94905,0.4851,1.77688,0.69812,0.009,0.0001123,0.0001123,0.0001123,0.4851,0
271,1069.98,0.64645,0.21532,0.00332,0.94994,0.92133,0.94895,0.4892,1.76334,0.69349,0.00892,0.000109,0.000109,0.000109,0.4892,0
272,1073.86,0.647,0.21961,0.00337,0.95152,0.92654,0.94864,0.49969,1.71913,0.68889,0.00864,0.0001057,0.0001057,0.0001057,0.49969,0
273,1077.71,0.64637,0.2184,0.0033,0.9458,0.92832,0.94907,0.50013,1.70602,0.68542,0.00855,0.0001024,0.0001024,0.0001024,0.50013,0
274,1081.68,0.65493,0.22215,0.00331,0.95517,0.91783,0.94914,0.50339,1.69856,0.68248,0.00851,9.91e-05,9.91e-05,9.91e-05,0.50339,0
275,1085.62,0.64179,0.21692,0.00335,0.95465,0.91995,0.94885,0.5001,1.71256,0.68456,0.00859,9.58e-05,9.58e-05,9.58e-05,0.5001,0
276,1089.47,0.64082,0.21503,0.00333,0.95626,0.9172,0.94885,0.49659,1.72406,0.68791,0.00865,9.25e-05,9.25e-05,9.25e-05,0.49659,0
277,1093.34,0.64514,0.2161,0.0033,0.95622,0.9165,0.95506,0.49124,1.74467,0.6961,0.00879,8.92e-05,8.92e-05,8.92e-05,0.49124,0
278,1097.22,0.64983,0.21158,0.0033,0.95946,0.91783,0.94926,0.4888,1.75418,0.70079,0.00884,8.59e-05,8.59e-05,8.59e-05,0.4888,0
279,1100.91,0.63826,0.21625,0.00333,0.96334,0.9189,0.94928,0.48876,1.76198,0.68957,0.0089,8.26e-05,8.26e-05,8.26e-05,0.48876,0
280,1104.65,0.64628,0.21598,0.00332,0.96375,0.91958,0.94915,0.48985,1.74943,0.68547,0.00883,7.93e-05,7.93e-05,7.93e-05,0.48985,0
281,1108.37,0.6527,0.21847,0.00333,0.96001,0.9233,0.94898,0.49334,1.74466,0.68135,0.0088,7.6e-05,7.6e-05,7.6e-05,0.49334,0
282,1112.23,0.63193,0.2159,0.00329,0.95989,0.92046,0.94983,0.49389,1.74052,0.67935,0.00877,7.27e-05,7.27e-05,7.27e-05,0.49389,0
283,1116.05,0.63873,0.21343,0.00328,0.95601,0.92133,0.95008,0.4937,1.74019,0.67706,0.00877,6.94e-05,6.94e-05,6.94e-05,0.4937,0
284,1119.79,0.64006,0.21351,0.00327,0.94779,0.93007,0.94978,0.49361,1.74063,0.68382,0.00877,6.61e-05,6.61e-05,6.61e-05,0.49361,0
285,1123.48,0.64986,0.21802,0.0033,0.95304,0.92247,0.94967,0.49014,1.75239,0.68557,0.00883,6.28e-05,6.28e-05,6.28e-05,0.49014,0
286,1127.21,0.64078,0.21325,0.00336,0.95954,0.91958,0.9497,0.48807,1.76344,0.69016,0.00889,5.95e-05,5.95e-05,5.95e-05,0.48807,0
287,1131.08,0.64578,0.21182,0.00332,0.96582,0.91783,0.94986,0.48127,1.78088,0.7073,0.009,5.62e-05,5.62e-05,5.62e-05,0.48127,0
288,1134.9,0.63876,0.21348,0.00324,0.96512,0.91914,0.94991,0.47758,1.78886,0.70892,0.00905,5.29e-05,5.29e-05,5.29e-05,0.47758,0
289,1138.77,0.6457,0.21637,0.00335,0.96095,0.92133,0.95027,0.47828,1.79486,0.70921,0.00908,4.96e-05,4.96e-05,4.96e-05,0.47828,0
290,1142.64,0.63885,0.21514,0.0033,0.9654,0.91783,0.95019,0.48078,1.78525,0.70564,0.00903,4.63e-05,4.63e-05,4.63e-05,0.48078,0
291,1146.66,0.66416,0.22337,0.0034,0.96849,0.91958,0.95018,0.48386,1.77766,0.70231,0.00898,4.3e-05,4.3e-05,4.3e-05,0.48386,0
292,1150.46,0.64661,0.21455,0.00332,0.96652,0.91958,0.94982,0.48837,1.76127,0.6962,0.00887,3.97e-05,3.97e-05,3.97e-05,0.48837,0
293,1154.37,0.65359,0.22353,0.00332,0.9669,0.91608,0.95058,0.49133,1.74998,0.69358,0.0088,3.64e-05,3.64e-05,3.64e-05,0.49133,0
294,1158.08,0.63812,0.21779,0.00333,0.9632,0.92133,0.95033,0.49665,1.73344,0.69035,0.0087,3.31e-05,3.31e-05,3.31e-05,0.49665,0
295,1161.91,0.63862,0.2112,0.00327,0.96235,0.91783,0.95034,0.50026,1.71385,0.68593,0.00859,2.98e-05,2.98e-05,2.98e-05,0.50026,0
296,1165.64,0.64155,0.21756,0.00328,0.95814,0.92308,0.95008,0.50095,1.71145,0.68544,0.00857,2.65e-05,2.65e-05,2.65e-05,0.50095,0
297,1169.36,0.62852,0.21352,0.00319,0.95815,0.9206,0.94989,0.50104,1.70887,0.68664,0.00855,2.32e-05,2.32e-05,2.32e-05,0.50104,0
298,1173.1,0.63886,0.21162,0.00329,0.95689,0.92133,0.94981,0.50077,1.71005,0.6865,0.00856,1.99e-05,1.99e-05,1.99e-05,0.50077,0
299,1176.83,0.63029,0.21222,0.00325,0.95687,0.92133,0.94984,0.49879,1.71501,0.68834,0.0086,1.66e-05,1.66e-05,1.66e-05,0.49879,0
300,1180.56,0.62654,0.21173,0.00327,0.95993,0.92132,0.94992,0.49879,1.72156,0.68933,0.00863,1.33e-05,1.33e-05,1.33e-05,0.49879,1
