epoch,time,train/box_loss,train/cls_loss,train/l1_loss,train/angle_loss,metrics/precision(B),metrics/recall(B),metrics/mAP50(B),metrics/mAP50-95(B),val/box_loss,val/cls_loss,val/l1_loss,val/angle_loss,lr/pg0,lr/pg1,lr/pg2,accuracy_mAP50-95,is_final_epoch
1,196.851,1.48419,1.32696,0.02828,0.22969,0.72466,0.69604,0.70379,0.33299,1.72195,1.48935,0.02327,0.14739,0.000332889,0.000332889,0.067044,0.33299,0
2,520.198,1.28917,0.8146,0.0273,0.18537,0.85612,0.79378,0.80912,0.50284,1.38782,1.42184,0.02427,0.13873,0.000659627,0.000659627,0.0340374,0.50284,0
3,716.6,1.19093,0.65089,0.02622,0.17601,0.825,0.80925,0.8314,0.47845,1.47097,1.35721,0.02297,0.10733,0.000979764,0.000979764,0.00102421,0.47845,0
4,908.049,1.13979,0.58098,0.0262,0.16036,0.88737,0.81153,0.83341,0.50676,1.37888,1.26631,0.02316,0.12992,0.0009703,0.0009703,0.0009703,0.50676,0
5,1099.59,1.11116,0.5643,0.02666,0.15354,0.88529,0.81841,0.82764,0.49237,1.41594,1.29596,0.02358,0.13091,0.0009604,0.0009604,0.0009604,0.49237,0
6,1302.57,1.07912,0.52704,0.02516,0.14949,0.86519,0.85893,0.85851,0.5247,1.36189,1.20989,0.02326,0.11356,0.0009505,0.0009505,0.0009505,0.5247,0
7,1506.96,1.05297,0.51376,0.02548,0.14385,0.8946,0.81574,0.84425,0.52081,1.34853,1.11892,0.02271,0.1068,0.0009406,0.0009406,0.0009406,0.52081,0
8,1698.86,1.04232,0.5033,0.02593,0.13482,0.8705,0.83,0.85484,0.50806,1.38296,1.16226,0.02474,0.14471,0.0009307,0.0009307,0.0009307,0.50806,0
9,1884.63,1.01968,0.4892,0.02574,0.13402,0.90513,0.87031,0.87199,0.53344,1.33882,1.10692,0.02392,0.13394,0.0009208,0.0009208,0.0009208,0.53344,0
10,2069.7,1.01448,0.48888,0.0255,0.13178,0.86796,0.84721,0.84264,0.52063,1.31704,1.50734,0.02376,0.1343,0.0009109,0.0009109,0.0009109,0.52063,0
11,2259.88,0.99415,0.46102,0.02617,0.12777,0.87455,0.8596,0.87085,0.55458,1.32028,1.45797,0.02344,0.12709,0.000901,0.000901,0.000901,0.55458,0
12,2458.97,0.97974,0.45924,0.02506,0.12469,0.90364,0.84477,0.90263,0.5544,1.39983,1.16533,0.02295,0.11411,0.0008911,0.0008911,0.0008911,0.5544,0
13,2647.56,0.9616,0.4471,0.025,0.11654,0.89736,0.85046,0.89368,0.55466,1.39454,1.30338,0.02394,0.11048,0.0008812,0.0008812,0.0008812,0.55466,0
14,2851.32,0.96845,0.44782,0.02518,0.11683,0.87091,0.86157,0.90283,0.5661,1.32182,1.23519,0.02346,0.11253,0.0008713,0.0008713,0.0008713,0.5661,0
15,3050.86,0.95137,0.43871,0.02535,0.11638,0.85192,0.84379,0.86564,0.5465,1.35442,1.64309,0.02353,0.10807,0.0008614,0.0008614,0.0008614,0.5465,0
16,3251.37,0.93465,0.43312,0.02485,0.11422,0.89882,0.86512,0.8779,0.55229,1.33141,1.36016,0.0236,0.11266,0.0008515,0.0008515,0.0008515,0.55229,0
17,3450.78,0.92179,0.43063,0.02489,0.10569,0.88551,0.84416,0.86056,0.55332,1.32787,1.42413,0.02299,0.11365,0.0008416,0.0008416,0.0008416,0.55332,0
18,3652.46,0.94153,0.43533,0.02512,0.11139,0.89377,0.8376,0.86136,0.53223,1.43939,1.26876,0.02369,0.12884,0.0008317,0.0008317,0.0008317,0.53223,0
19,3872.27,0.92023,0.41908,0.02528,0.10951,0.9127,0.85147,0.90508,0.57645,1.31897,1.16135,0.02506,0.13151,0.0008218,0.0008218,0.0008218,0.57645,0
20,4084.45,0.8966,0.40779,0.02549,0.1037,0.89901,0.86871,0.87065,0.55538,1.29047,1.11342,0.02348,0.11011,0.0008119,0.0008119,0.0008119,0.55538,0
21,4287.87,0.90223,0.40995,0.02537,0.10145,0.88688,0.87229,0.88266,0.55991,1.30765,1.21212,0.02359,0.12991,0.000802,0.000802,0.000802,0.55991,0
22,4481.65,0.89727,0.40425,0.02598,0.10388,0.90151,0.87818,0.8754,0.56131,1.32396,1.37662,0.02419,0.12477,0.0007921,0.0007921,0.0007921,0.56131,0
23,4678.98,0.89452,0.40989,0.02596,0.10209,0.89494,0.8736,0.88625,0.56501,1.29676,1.14767,0.02371,0.11379,0.0007822,0.0007822,0.0007822,0.56501,0
24,4882.99,0.87779,0.39265,0.02611,0.09746,0.88362,0.87457,0.9044,0.57691,1.29654,1.32134,0.02408,0.11498,0.0007723,0.0007723,0.0007723,0.57691,0
25,5078.56,0.88464,0.39857,0.02521,0.0984,0.90094,0.85775,0.90788,0.57541,1.33625,1.21907,0.02501,0.12823,0.0007624,0.0007624,0.0007624,0.57541,0
26,5276.28,0.8694,0.39315,0.02545,0.09921,0.86184,0.8648,0.8484,0.54025,1.28863,1.50866,0.02431,0.13564,0.0007525,0.0007525,0.0007525,0.54025,0
27,5465.57,0.86353,0.3867,0.02581,0.09778,0.85839,0.86104,0.89524,0.58312,1.28874,1.57899,0.02457,0.11694,0.0007426,0.0007426,0.0007426,0.58312,0
28,5674.45,0.85867,0.39099,0.02537,0.09255,0.88899,0.87529,0.91223,0.59457,1.24875,1.30446,0.02371,0.11243,0.0007327,0.0007327,0.0007327,0.59457,0
29,5859.54,0.85504,0.39346,0.02581,0.09545,0.90185,0.88159,0.89061,0.59535,1.26273,1.24913,0.02564,0.12001,0.0007228,0.0007228,0.0007228,0.59535,0
30,6049.76,0.8525,0.37861,0.02615,0.09459,0.88711,0.87083,0.90816,0.58534,1.27786,1.16706,0.02548,0.12667,0.0007129,0.0007129,0.0007129,0.58534,0
31,6248.35,0.85325,0.38512,0.0255,0.09617,0.89713,0.86447,0.89921,0.60554,1.26295,1.19179,0.02277,0.12814,0.000703,0.000703,0.000703,0.60554,0
32,6434.58,0.84732,0.3745,0.02505,0.09272,0.90922,0.86496,0.87765,0.5639,1.27329,1.1426,0.02349,0.12172,0.0006931,0.0006931,0.0006931,0.5639,0
33,6621.37,0.83633,0.37545,0.0264,0.09362,0.89183,0.87734,0.8799,0.58571,1.25329,1.18981,0.02374,0.11353,0.0006832,0.0006832,0.0006832,0.58571,0
34,6812.67,0.8317,0.37292,0.02664,0.08659,0.88643,0.89689,0.9063,0.5862,1.29802,1.12809,0.02401,0.11933,0.0006733,0.0006733,0.0006733,0.5862,0
35,6999.23,0.83439,0.37064,0.02598,0.09106,0.90015,0.87524,0.89366,0.5827,1.30109,1.09245,0.02441,0.12392,0.0006634,0.0006634,0.0006634,0.5827,0
36,7183.16,0.82549,0.3656,0.02645,0.08892,0.89636,0.88321,0.89904,0.58873,1.26103,1.06216,0.02387,0.11438,0.0006535,0.0006535,0.0006535,0.58873,0
37,7370.1,0.83308,0.37116,0.02681,0.09406,0.86337,0.88744,0.87566,0.55232,1.30335,1.17954,0.02315,0.12988,0.0006436,0.0006436,0.0006436,0.55232,0
38,7564.09,0.82674,0.36344,0.02533,0.09077,0.8836,0.88207,0.91402,0.58768,1.29949,1.1144,0.02246,0.12695,0.0006337,0.0006337,0.0006337,0.58768,0
39,7758.48,0.824,0.36374,0.02518,0.08607,0.87787,0.87465,0.8669,0.55819,1.33184,1.18305,0.02297,0.12439,0.0006238,0.0006238,0.0006238,0.55819,0
40,7948.34,0.81368,0.3599,0.02593,0.08728,0.88806,0.86581,0.87986,0.5586,1.30591,1.21961,0.02437,0.13986,0.0006139,0.0006139,0.0006139,0.5586,0
41,8133.83,0.81195,0.35265,0.02564,0.08491,0.89564,0.86464,0.88019,0.57774,1.32299,1.16846,0.02353,0.13097,0.000604,0.000604,0.000604,0.57774,0
42,8329.29,0.8006,0.35811,0.02581,0.08497,0.89595,0.85682,0.90941,0.59586,1.26893,1.16672,0.02287,0.12233,0.0005941,0.0005941,0.0005941,0.59586,0
43,8516.5,0.8052,0.356,0.02537,0.08319,0.89682,0.86643,0.89989,0.58945,1.26536,1.16761,0.02281,0.13197,0.0005842,0.0005842,0.0005842,0.58945,0
44,8707.32,0.80568,0.35356,0.0258,0.08562,0.87829,0.8894,0.88641,0.5777,1.28639,1.21692,0.02354,0.13131,0.0005743,0.0005743,0.0005743,0.5777,0
45,8900.26,0.79948,0.36154,0.0262,0.08216,0.92439,0.86692,0.91558,0.60823,1.28828,1.0535,0.02306,0.12486,0.0005644,0.0005644,0.0005644,0.60823,0
46,9091,0.78892,0.35062,0.02526,0.08105,0.90518,0.86855,0.91183,0.59107,1.29475,1.162,0.02326,0.14378,0.0005545,0.0005545,0.0005545,0.59107,0
47,9278.08,0.78324,0.34139,0.02406,0.08034,0.88947,0.88255,0.88943,0.57734,1.26559,1.22455,0.02284,0.12448,0.0005446,0.0005446,0.0005446,0.57734,0
48,9468.04,0.78833,0.34767,0.02496,0.07961,0.88189,0.89153,0.89161,0.58276,1.27562,1.21663,0.02277,0.11849,0.0005347,0.0005347,0.0005347,0.58276,0
49,9661.11,0.78312,0.34951,0.02487,0.07986,0.88823,0.89168,0.92123,0.604,1.20466,1.01672,0.02148,0.12248,0.0005248,0.0005248,0.0005248,0.604,0
50,9848.6,0.78267,0.34127,0.02431,0.08058,0.91714,0.8819,0.92042,0.61281,1.21916,1.21058,0.023,0.12486,0.0005149,0.0005149,0.0005149,0.61281,0
51,10044.5,0.78699,0.34484,0.02472,0.08044,0.89753,0.88353,0.90092,0.60732,1.16255,1.10928,0.02243,0.12222,0.000505,0.000505,0.000505,0.60732,0
52,10229.5,0.78069,0.34215,0.02405,0.07848,0.89408,0.88076,0.91486,0.60223,1.28168,1.18981,0.02323,0.13597,0.0004951,0.0004951,0.0004951,0.60223,0
53,10418.9,0.78622,0.34578,0.02449,0.07941,0.89297,0.86978,0.899,0.59699,1.25329,1.08266,0.02261,0.12591,0.0004852,0.0004852,0.0004852,0.59699,0
54,10614.7,0.76875,0.33454,0.02435,0.07908,0.8816,0.88956,0.89525,0.59299,1.25475,1.13607,0.02243,0.12203,0.0004753,0.0004753,0.0004753,0.59299,0
55,10808.1,0.77636,0.33946,0.02409,0.08041,0.87645,0.88517,0.90865,0.5999,1.28925,1.15776,0.02337,0.12484,0.0004654,0.0004654,0.0004654,0.5999,0
56,11000.1,0.78161,0.34311,0.02392,0.08015,0.89619,0.87571,0.90851,0.59325,1.30109,1.23178,0.02369,0.12467,0.0004555,0.0004555,0.0004555,0.59325,0
57,11186.6,0.76739,0.33493,0.02332,0.07904,0.91304,0.85347,0.87874,0.58531,1.31276,1.13051,0.02288,0.10977,0.0004456,0.0004456,0.0004456,0.58531,0
58,11378.4,0.77092,0.34793,0.02368,0.07846,0.92168,0.8914,0.90564,0.59576,1.3183,1.09007,0.02346,0.12987,0.0004357,0.0004357,0.0004357,0.59576,0
59,11572.4,0.76791,0.33428,0.02402,0.07643,0.93487,0.86275,0.88211,0.58417,1.3261,1.18569,0.02286,0.11723,0.0004258,0.0004258,0.0004258,0.58417,0
60,11760.4,0.77032,0.34407,0.02462,0.07765,0.9086,0.85011,0.85738,0.5674,1.33893,1.22515,0.02295,0.12044,0.0004159,0.0004159,0.0004159,0.5674,0
61,11956.2,0.75866,0.3356,0.02544,0.07564,0.88071,0.88793,0.8905,0.59036,1.31368,1.18078,0.02358,0.11224,0.000406,0.000406,0.000406,0.59036,0
62,12143.7,0.7527,0.33465,0.02475,0.07471,0.89981,0.89682,0.90626,0.59605,1.30272,1.16553,0.02385,0.11307,0.0003961,0.0003961,0.0003961,0.59605,0
63,12332.8,0.74845,0.3351,0.02493,0.07394,0.91306,0.89754,0.91548,0.61189,1.28199,1.10706,0.0239,0.10787,0.0003862,0.0003862,0.0003862,0.61189,0
64,12526.8,0.75158,0.32641,0.02434,0.07538,0.89401,0.88899,0.89791,0.61424,1.25342,1.13908,0.0231,0.11723,0.0003763,0.0003763,0.0003763,0.61424,0
65,12716.2,0.75282,0.33637,0.02443,0.07376,0.87665,0.90634,0.90506,0.60331,1.21528,0.99258,0.02291,0.12192,0.0003664,0.0003664,0.0003664,0.60331,0
66,12907.3,0.75488,0.33417,0.02297,0.07396,0.90604,0.85603,0.88739,0.59116,1.14163,1.03582,0.022,0.12298,0.0003565,0.0003565,0.0003565,0.59116,0
67,13093.6,0.74442,0.32824,0.02287,0.07341,0.90012,0.85845,0.90121,0.60456,1.17042,1.13346,0.02182,0.11024,0.0003466,0.0003466,0.0003466,0.60456,0
68,13285.3,0.73392,0.3198,0.02377,0.07027,0.90532,0.86915,0.89247,0.60035,1.19016,1.16942,0.0224,0.11649,0.0003367,0.0003367,0.0003367,0.60035,0
69,13474.4,0.74586,0.32907,0.024,0.07215,0.91466,0.85877,0.89073,0.59127,1.16359,0.90702,0.02214,0.11202,0.0003268,0.0003268,0.0003268,0.59127,0
70,13667.1,0.72952,0.32428,0.02431,0.07072,0.89317,0.87962,0.91195,0.61592,1.28518,1.21288,0.0232,0.11036,0.0003169,0.0003169,0.0003169,0.61592,0
71,13856.3,0.73079,0.32138,0.02457,0.06878,0.89969,0.86659,0.89405,0.60175,1.28061,1.2443,0.02257,0.11658,0.000307,0.000307,0.000307,0.60175,0
72,14047.3,0.73133,0.32196,0.02449,0.06948,0.90741,0.85877,0.89536,0.60208,1.27335,1.19028,0.02284,0.11425,0.0002971,0.0002971,0.0002971,0.60208,0
73,14237.9,0.73543,0.32246,0.02542,0.07095,0.89807,0.87405,0.89545,0.5981,1.28655,1.21014,0.02408,0.11139,0.0002872,0.0002872,0.0002872,0.5981,0
74,14434.7,0.73632,0.31903,0.02584,0.06989,0.89021,0.89673,0.89425,0.59263,1.24312,1.07078,0.0239,0.12611,0.0002773,0.0002773,0.0002773,0.59263,0
75,14627.8,0.7359,0.32832,0.02484,0.06931,0.90413,0.86855,0.90188,0.60831,1.11317,0.8634,0.02287,0.11475,0.0002674,0.0002674,0.0002674,0.60831,0
76,14826.3,0.73504,0.33253,0.02497,0.06901,0.89124,0.89571,0.89662,0.60647,1.12222,0.8598,0.02256,0.12119,0.0002575,0.0002575,0.0002575,0.60647,0
77,15031,0.71675,0.31479,0.02518,0.06702,0.91239,0.88218,0.89908,0.59766,1.2255,1.00405,0.02389,0.12863,0.0002476,0.0002476,0.0002476,0.59766,0
78,15249.4,0.72536,0.31612,0.02499,0.0685,0.91481,0.87148,0.89891,0.60481,1.12096,0.78778,0.02249,0.10733,0.0002377,0.0002377,0.0002377,0.60481,0
79,15671.6,0.72245,0.31651,0.02486,0.06843,0.89414,0.89707,0.89891,0.60548,1.25143,1.12315,0.02339,0.12211,0.0002278,0.0002278,0.0002278,0.60548,0
80,16051.4,0.72635,0.33086,0.02507,0.06522,0.88419,0.90275,0.88741,0.58215,1.2811,1.09046,0.02359,0.11306,0.0002179,0.0002179,0.0002179,0.58215,0
81,16240.2,0.72277,0.32165,0.02592,0.06544,0.90568,0.87734,0.8851,0.58255,1.19948,0.91627,0.02394,0.12248,0.000208,0.000208,0.000208,0.58255,0
82,16432.8,0.72066,0.32386,0.02697,0.06738,0.91605,0.86745,0.88864,0.58754,1.20498,0.91209,0.02386,0.11838,0.0001981,0.0001981,0.0001981,0.58754,0
83,16624.5,0.71373,0.31478,0.02518,0.06671,0.91195,0.86889,0.89006,0.59284,1.12254,0.79895,0.02268,0.11393,0.0001882,0.0001882,0.0001882,0.59284,0
84,16810.2,0.71723,0.31465,0.02507,0.06731,0.90126,0.88322,0.89325,0.59142,1.30674,1.10012,0.02398,0.11617,0.0001783,0.0001783,0.0001783,0.59142,0
85,16998.5,0.71633,0.3116,0.02546,0.0669,0.89733,0.87702,0.88142,0.58138,1.30208,1.13332,0.02408,0.11768,0.0001684,0.0001684,0.0001684,0.58138,0
86,17192,0.70951,0.31267,0.02561,0.0654,0.9087,0.85765,0.88852,0.5879,1.30241,1.15664,0.02393,0.12299,0.0001585,0.0001585,0.0001585,0.5879,0
87,17383.4,0.71077,0.3158,0.02576,0.06512,0.91808,0.86716,0.8983,0.58869,1.32318,1.11903,0.02451,0.12786,0.0001486,0.0001486,0.0001486,0.58869,0
88,17576.5,0.69979,0.30602,0.02641,0.06268,0.91592,0.87122,0.90445,0.60076,1.30082,1.11565,0.02464,0.11684,0.0001387,0.0001387,0.0001387,0.60076,0
89,17770.3,0.70816,0.31451,0.02601,0.06383,0.90445,0.88451,0.91133,0.61008,1.2956,1.13581,0.02425,0.11707,0.0001288,0.0001288,0.0001288,0.61008,0
90,17961.6,0.70337,0.31026,0.02599,0.06229,0.90878,0.89102,0.90756,0.60759,1.28463,1.11965,0.02388,0.11537,0.0001189,0.0001189,0.0001189,0.60759,1
