staff ID,frame,x,y,time
156,344,291.8,648.7,00m 13s 720ms
156,345,313.1,656.2,00m 13s 760ms
156,346,343.7,657.9,00m 13s 800ms
156,347,367.2,666.2,00m 13s 840ms
156,348,384.7,664.9,00m 13s 880ms
156,349,406.3,662.4,00m 13s 920ms
156,350,440.8,658.7,00m 13s 960ms
156,351,464.4,648.4,00m 14s 000ms
156,352,482.7,636.8,00m 14s 040ms
156,353,508,621.7,00m 14s 080ms
156,354,531.9,599,00m 14s 120ms
156,355,547.3,576,00m 14s 160ms
156,356,562.4,540.4,00m 14s 200ms
156,357,573.9,500.2,00m 14s 240ms
156,358,578.6,480.6,00m 14s 280ms
156,359,576.3,433.5,00m 14s 320ms
156,360,573.8,418.3,00m 14s 360ms
156,361,578.8,405,00m 14s 400ms
156,362,580.3,383.7,00m 14s 440ms
156,363,580.4,357.8,00m 14s 480ms
156,364,578.6,335.1,00m 14s 520ms
156,365,572.3,323.5,00m 14s 560ms
156,366,567,306.3,00m 14s 600ms
156,367,562,280.7,00m 14s 640ms
156,368,556.3,263,00m 14s 680ms
156,369,551.9,254.5,00m 14s 720ms
156,370,545.7,241.7,00m 14s 760ms
156,371,539.2,213.6,00m 14s 800ms
156,372,530.7,201.6,00m 14s 840ms
156,373,522.4,186.8,00m 14s 880ms
156,374,514.4,163.9,00m 14s 920ms
156,375,511.8,157.5,00m 14s 960ms
156,376,510.9,148.4,00m 15s 000ms
156,377,513.1,148.4,00m 15s 040ms
156,378,512.5,158.3,00m 15s 080ms
156,379,521.9,166.6,00m 15s 120ms
156,380,525.5,169.2,00m 15s 160ms
156,381,525.2,171.7,00m 15s 200ms
156,382,529.8,176.9,00m 15s 240ms
156,383,532.1,180.2,00m 15s 280ms
156,384,533.9,201.4,00m 15s 320ms
156,385,534.2,220.3,00m 15s 360ms
156,386,534.4,231.8,00m 15s 400ms
156,387,534.8,232.5,00m 15s 440ms
156,388,543,269.2,00m 15s 480ms
156,389,553.3,291.1,00m 15s 520ms
156,390,560.5,303.3,00m 15s 560ms
156,391,566.2,327.1,00m 15s 600ms
156,392,569.4,364.5,00m 15s 640ms
156,393,569.8,383.7,00m 15s 680ms
156,394,566,384.8,00m 15s 720ms
156,395,557.7,401,00m 15s 760ms
156,396,564.8,451.4,00m 15s 800ms
156,397,568.7,487,00m 15s 840ms
156,398,567.1,505.4,00m 15s 880ms
156,399,558.9,551.4,00m 15s 920ms
156,400,552.2,587.1,00m 15s 960ms
156,401,548.6,617.3,00m 16s 000ms
156,402,541.8,649.3,00m 16s 040ms
156,403,534.7,670.3,00m 16s 080ms
156,404,529.9,688.1,00m 16s 120ms
156,405,525.4,708.6,00m 16s 160ms
156,406,524.8,720,00m 16s 200ms
156,407,525.9,720,00m 16s 240ms
156,408,526.5,720,00m 16s 280ms
156,409,520.8,720,00m 16s 320ms
156,410,518,720,00m 16s 360ms
156,411,514.5,720,00m 16s 400ms
156,412,514.7,720,00m 16s 440ms
156,413,522.1,720,00m 16s 480ms
156,414,527.7,720,00m 16s 520ms
156,415,532.1,720,00m 16s 560ms
156,416,534.1,720,00m 16s 600ms
156,417,535.8,720,00m 16s 640ms
156,418,530.1,720,00m 16s 680ms
156,419,537.2,720,00m 16s 720ms
156,423,516.2,720,00m 16s 880ms
156,424,514.4,720,00m 16s 920ms
156,425,514.5,720,00m 16s 960ms
156,426,513.7,720,00m 17s 000ms
156,427,511.6,720,00m 17s 040ms
156,428,513.9,720,00m 17s 080ms
156,429,517.1,720,00m 17s 120ms
156,430,519.5,720,00m 17s 160ms
156,431,522.9,713.9,00m 17s 200ms
156,432,525.4,704.4,00m 17s 240ms
156,433,530.9,687.1,00m 17s 280ms
156,434,540.4,667.4,00m 17s 320ms
156,435,546.7,644.7,00m 17s 360ms
156,436,558.3,620.7,00m 17s 400ms
156,437,569.2,594.8,00m 17s 440ms
156,438,572.6,563.1,00m 17s 480ms
156,439,573.9,519.9,00m 17s 520ms
156,440,581.2,477.4,00m 17s 560ms
156,441,572.9,438.6,00m 17s 600ms
156,442,575.4,420.6,00m 17s 640ms
156,443,576.7,393.5,00m 17s 680ms
156,444,577.2,356.4,00m 17s 720ms
156,445,572.8,342.3,00m 17s 760ms
156,446,565.6,327.5,00m 17s 800ms
156,447,558.6,296.7,00m 17s 840ms
156,448,553,271.1,00m 17s 880ms
156,449,545.1,263.5,00m 17s 920ms
156,450,538.6,258,00m 17s 960ms
156,451,532.9,250.1,00m 18s 000ms
156,452,524.6,218.2,00m 18s 040ms
156,453,513.9,203.1,00m 18s 080ms
156,454,497.7,200.4,00m 18s 120ms
156,455,486.1,190,00m 18s 160ms
156,456,470.9,175.8,00m 18s 200ms
156,457,456.4,161.5,00m 18s 240ms
156,458,449,160.7,00m 18s 280ms
156,459,445.5,162.6,00m 18s 320ms
156,460,443.8,161.7,00m 18s 360ms
156,461,445.7,162.6,00m 18s 400ms
156,462,450.6,169.2,00m 18s 440ms
156,463,456.4,167.8,00m 18s 480ms
156,464,465.1,167,00m 18s 520ms
156,465,479.5,167.2,00m 18s 560ms
156,466,490.2,178.5,00m 18s 600ms
156,467,498.1,191,00m 18s 640ms
156,468,503.9,207.6,00m 18s 680ms
156,469,507.5,214.2,00m 18s 720ms
156,470,513.9,215.6,00m 18s 760ms
156,471,521.1,245.9,00m 18s 800ms
156,472,527.4,267.2,00m 18s 840ms
156,473,536.3,276.8,00m 18s 880ms
156,474,546,280.6,00m 18s 920ms
184,507,510.7,720,00m 20s 240ms
184,508,516.4,714.2,00m 20s 280ms
184,509,526.1,696.9,00m 20s 320ms
184,510,535.5,679.8,00m 20s 360ms
184,511,543.3,661.7,00m 20s 400ms
184,512,547,636.9,00m 20s 440ms
184,513,551,614.3,00m 20s 480ms
184,514,555.2,587.8,00m 20s 520ms
184,515,558,547.7,00m 20s 560ms
184,516,564.8,522.1,00m 20s 600ms
184,517,573.7,493.8,00m 20s 640ms
184,518,572.4,476.5,00m 20s 680ms
184,519,568.4,443.9,00m 20s 720ms
184,520,571.8,404.4,00m 20s 760ms
184,521,571.1,388.2,00m 20s 800ms
184,522,571.7,381.1,00m 20s 840ms
184,523,569.5,348.9,00m 20s 880ms
184,524,566.7,317.2,00m 20s 920ms
184,525,564.5,302.4,00m 20s 960ms
184,526,565.6,287.9,00m 21s 000ms
184,527,567.9,269.3,00m 21s 040ms
184,528,573.6,246.1,00m 21s 080ms
184,529,577,240.6,00m 21s 120ms
184,530,580.4,236.7,00m 21s 160ms
184,531,585.4,220.9,00m 21s 200ms
184,532,591,201.5,00m 21s 240ms
184,533,600.1,186.7,00m 21s 280ms
184,534,613.2,182.4,00m 21s 320ms
184,535,632.7,171.1,00m 21s 360ms
184,536,644.7,164.9,00m 21s 400ms
184,537,657.8,158.6,00m 21s 440ms
184,538,666.6,154,00m 21s 480ms
184,539,671.5,150.8,00m 21s 520ms
184,540,678.1,142.2,00m 21s 560ms
184,541,683,137.5,00m 21s 600ms
184,542,687.4,109,00m 21s 640ms
231,558,543,256.2,00m 22s 280ms
231,559,537.7,257.2,00m 22s 320ms
231,560,535.5,269,00m 22s 360ms
231,561,539.3,308.1,00m 22s 400ms
231,562,542.7,325.7,00m 22s 440ms
231,563,551.3,336.2,00m 22s 480ms
231,564,558.9,363,00m 22s 520ms
231,565,560,389.8,00m 22s 560ms
231,566,561.9,403.1,00m 22s 600ms
231,567,567.3,427.2,00m 22s 640ms
231,568,567.6,458.3,00m 22s 680ms
231,569,566.5,492.9,00m 22s 720ms
231,570,565.1,506.5,00m 22s 760ms
231,571,561.9,538.7,00m 22s 800ms
231,572,551.7,591.9,00m 22s 840ms
231,573,541.4,619.5,00m 22s 880ms
231,574,526.1,646.1,00m 22s 920ms
231,575,513,665.3,00m 22s 960ms
231,576,496.6,683,00m 23s 000ms
231,577,483,695.4,00m 23s 040ms
231,578,474.7,701.1,00m 23s 080ms
231,579,470.9,705.6,00m 23s 120ms
231,580,466,701.7,00m 23s 160ms
231,581,462.4,697,00m 23s 200ms
231,582,458.9,693,00m 23s 240ms
231,583,457.1,690.8,00m 23s 280ms
231,584,457.5,689.8,00m 23s 320ms
231,585,458.7,688.7,00m 23s 360ms
231,586,460.9,687.1,00m 23s 400ms
231,587,464.3,686.2,00m 23s 440ms
231,588,468.2,692,00m 23s 480ms
231,589,470.6,694.8,00m 23s 520ms
231,590,472.3,699.7,00m 23s 560ms
231,591,475.1,704.5,00m 23s 600ms
231,592,477.2,708.8,00m 23s 640ms
231,593,478.8,707.7,00m 23s 680ms
231,594,476.4,706.3,00m 23s 720ms
231,595,474.6,701.2,00m 23s 760ms
231,596,472.5,692.7,00m 23s 800ms
231,597,473.3,688.3,00m 23s 840ms
231,599,478.1,696.5,00m 23s 920ms
231,600,480.4,702.2,00m 23s 960ms
231,601,482.4,707.1,00m 24s 000ms
231,602,483.5,712.3,00m 24s 040ms
231,603,484,715.5,00m 24s 080ms
231,604,483.9,716,00m 24s 120ms
231,605,482.9,715,00m 24s 160ms
231,606,477.5,714,00m 24s 200ms
231,607,471.1,707.7,00m 24s 240ms
231,608,462.8,702.9,00m 24s 280ms
231,609,460.3,701.1,00m 24s 320ms
231,610,460.3,699.7,00m 24s 360ms
231,611,461.9,703.6,00m 24s 400ms
231,612,460.9,704.5,00m 24s 440ms
231,613,462.6,704.2,00m 24s 480ms
231,614,463.2,706.1,00m 24s 520ms
231,615,460.4,708.6,00m 24s 560ms
231,616,457.7,703.8,00m 24s 600ms
231,617,460.7,690.4,00m 24s 640ms
231,618,463.2,679,00m 24s 680ms
231,619,463.8,666.7,00m 24s 720ms
231,620,459.6,662.6,00m 24s 760ms
231,621,461.1,661.7,00m 24s 800ms
231,622,460.9,660.8,00m 24s 840ms
231,623,461.9,659.9,00m 24s 880ms
231,624,461.8,660.2,00m 24s 920ms
231,625,466.8,656.4,00m 24s 960ms
231,626,474.8,654,00m 25s 000ms
231,627,477.9,652.3,00m 25s 040ms
231,628,482,649.7,00m 25s 080ms
231,629,482.5,644.1,00m 25s 120ms
231,630,481.2,639.6,00m 25s 160ms
231,631,478.3,645.8,00m 25s 200ms
231,632,478.2,649.5,00m 25s 240ms
231,633,477.1,652.4,00m 25s 280ms
231,634,470.5,663.1,00m 25s 320ms
231,635,466.2,674.9,00m 25s 360ms
231,636,469,679.3,00m 25s 400ms
231,637,471.4,694.4,00m 25s 440ms
231,638,472.7,701.5,00m 25s 480ms
231,639,475.1,707,00m 25s 520ms
231,640,475.5,708.8,00m 25s 560ms
231,641,477.9,703,00m 25s 600ms
231,642,478.8,703.2,00m 25s 640ms
231,643,478.9,703.4,00m 25s 680ms
231,644,477.1,700.1,00m 25s 720ms
231,645,473.4,699.4,00m 25s 760ms
231,646,471.2,700.8,00m 25s 800ms
231,647,470.5,701.9,00m 25s 840ms
231,648,471.6,700.9,00m 25s 880ms
231,649,473.8,703.9,00m 25s 920ms
231,650,473.9,703.6,00m 25s 960ms
231,651,476.1,700.1,00m 26s 000ms
231,652,474.9,693.8,00m 26s 040ms
231,653,480.4,682.2,00m 26s 080ms
231,654,481.9,677.8,00m 26s 120ms
231,655,480.6,678,00m 26s 160ms
231,656,479.1,676.4,00m 26s 200ms
231,657,478.8,676.7,00m 26s 240ms
231,658,479.1,677.2,00m 26s 280ms
231,659,480.4,679.1,00m 26s 320ms
231,660,481.1,680.9,00m 26s 360ms
231,661,482.3,680.4,00m 26s 400ms
231,662,483.2,681,00m 26s 440ms
231,663,482.2,684.1,00m 26s 480ms
231,664,482.3,684.3,00m 26s 520ms
231,665,482.9,686.7,00m 26s 560ms
231,666,483.9,690.2,00m 26s 600ms
231,667,484.3,693.1,00m 26s 640ms
231,668,485.1,697,00m 26s 680ms
231,669,485.1,697.4,00m 26s 720ms
231,670,483.1,694.8,00m 26s 760ms
231,671,482.8,689.1,00m 26s 800ms
231,672,483.1,683.4,00m 26s 840ms
231,673,483.3,679.6,00m 26s 880ms
231,674,483.5,676.4,00m 26s 920ms
231,675,483.1,674.4,00m 26s 960ms
231,676,482.3,675.2,00m 27s 000ms
231,677,480.8,675.1,00m 27s 040ms
231,678,479.7,674.8,00m 27s 080ms
231,679,478.4,675.2,00m 27s 120ms
231,680,478.5,665.1,00m 27s 160ms
231,681,477.3,666.4,00m 27s 200ms
231,682,475.9,667.2,00m 27s 240ms
231,683,474.7,667.7,00m 27s 280ms
231,684,474.2,668.1,00m 27s 320ms
231,685,474.7,667.7,00m 27s 360ms
231,686,475.8,670.9,00m 27s 400ms
231,687,477.2,672.6,00m 27s 440ms
231,688,477.9,673.1,00m 27s 480ms
231,689,478.9,673.1,00m 27s 520ms
231,690,480.3,673,00m 27s 560ms
231,691,480.7,671.2,00m 27s 600ms
231,692,480.9,670.2,00m 27s 640ms
231,693,481.3,671.5,00m 27s 680ms
231,694,480.8,673.4,00m 27s 720ms
231,695,480.2,673.8,00m 27s 760ms
231,696,480.5,667.7,00m 27s 800ms
231,697,480.7,666.5,00m 27s 840ms
231,698,480.6,665.7,00m 27s 880ms
231,699,480.5,670.2,00m 27s 920ms
231,700,480.9,673.3,00m 27s 960ms
231,701,481,678.8,00m 28s 000ms
231,702,480.2,686.8,00m 28s 040ms
231,703,478.8,695.8,00m 28s 080ms
231,704,477.3,707.4,00m 28s 120ms
231,705,477.5,716.5,00m 28s 160ms
231,706,477.5,720,00m 28s 200ms
231,707,477.3,720,00m 28s 240ms
231,708,474.6,715.7,00m 28s 280ms
231,812,509.3,720,00m 32s 440ms
231,813,511.4,720,00m 32s 480ms
231,814,511.5,720,00m 32s 520ms
231,815,512.7,710,00m 32s 560ms
231,816,517,695.6,00m 32s 600ms
231,817,525.5,675.8,00m 32s 640ms
231,818,535.2,657.8,00m 32s 680ms
231,819,544,628.1,00m 32s 720ms
231,820,549.4,599.2,00m 32s 760ms
231,821,554.4,559.6,00m 32s 800ms
231,822,562,519.8,00m 32s 840ms
231,823,568.6,470.5,00m 32s 880ms
231,824,570,442.6,00m 32s 920ms
231,825,562.1,415.1,00m 32s 960ms
231,826,570.7,375.3,00m 33s 000ms
231,827,570.7,363.3,00m 33s 040ms
231,828,563.9,339.9,00m 33s 080ms
231,829,558.5,301.1,00m 33s 120ms
231,830,557.2,284.2,00m 33s 160ms
231,831,558.3,272.2,00m 33s 200ms
231,832,560.6,248.6,00m 33s 240ms
231,833,570.9,226.2,00m 33s 280ms
231,834,576.2,220.5,00m 33s 320ms
231,835,581.4,214.8,00m 33s 360ms
231,836,597.1,183.6,00m 33s 400ms
231,837,611.4,176.1,00m 33s 440ms
231,838,620.1,178.6,00m 33s 480ms
231,839,639.4,167.3,00m 33s 520ms
231,840,657.1,159.5,00m 33s 560ms
231,841,673.7,155.1,00m 33s 600ms
231,842,684.3,158.1,00m 33s 640ms
231,843,686.5,160.6,00m 33s 680ms
231,844,689.6,164.7,00m 33s 720ms
231,845,693.3,165.2,00m 33s 760ms
231,846,695.2,165.4,00m 33s 800ms
231,847,691.2,166.5,00m 33s 840ms
231,848,687.1,168,00m 33s 880ms
231,849,682.8,167,00m 33s 920ms
231,850,674.2,167,00m 33s 960ms
231,851,668,163.2,00m 34s 000ms
231,852,656.5,164.7,00m 34s 040ms
231,853,649,168.6,00m 34s 080ms
231,854,626.3,180.8,00m 34s 120ms
231,855,603.9,197.1,00m 34s 160ms
231,856,587.2,206,00m 34s 200ms
231,857,573,210,00m 34s 240ms
231,858,565,225.4,00m 34s 280ms
231,859,557.1,247.8,00m 34s 320ms
231,860,553.1,259.2,00m 34s 360ms
231,861,549.8,263.1,00m 34s 400ms
231,862,547.3,277.8,00m 34s 440ms
231,863,544.9,289.8,00m 34s 480ms
231,864,545.1,309.9,00m 34s 520ms
231,865,546.3,327.9,00m 34s 560ms
231,866,549.5,376.5,00m 34s 600ms
231,867,556.5,399.4,00m 34s 640ms
231,868,556.2,416.4,00m 34s 680ms
231,869,559.6,440.5,00m 34s 720ms
231,870,557.3,480.3,00m 34s 760ms
231,871,556.4,539.3,00m 34s 800ms
231,872,544.8,579.1,00m 34s 840ms
231,873,537.4,618.6,00m 34s 880ms
231,874,534.7,655.7,00m 34s 920ms
231,875,533.7,679.9,00m 34s 960ms
231,876,532.6,701.2,00m 35s 000ms
231,880,521.8,720,00m 35s 160ms
231,881,520.5,720,00m 35s 200ms
350,892,489.6,720,00m 35s 640ms
350,893,493.7,720,00m 35s 680ms
350,894,498.1,720,00m 35s 720ms
350,895,501.1,720,00m 35s 760ms
350,896,504.1,720,00m 35s 800ms
350,897,508.6,720,00m 35s 840ms
350,898,511.4,720,00m 35s 880ms
350,899,513.8,713.4,00m 35s 920ms
350,900,517,701.2,00m 35s 960ms
350,901,519.1,686.7,00m 36s 000ms
350,902,523,667.4,00m 36s 040ms
350,903,526.4,646.3,00m 36s 080ms
350,904,529.5,623.5,00m 36s 120ms
350,905,533.5,601.7,00m 36s 160ms
350,906,539.9,578.2,00m 36s 200ms
350,907,548.2,543.8,00m 36s 240ms
350,908,551.8,496,00m 36s 280ms
350,909,555.7,459.1,00m 36s 320ms
347,932,467.8,160.2,00m 37s 240ms
347,933,477.4,173.8,00m 37s 280ms
347,934,485.5,187.3,00m 37s 320ms
347,935,493.4,193.5,00m 37s 360ms
347,936,504.9,194.2,00m 37s 400ms
347,937,512,203.3,00m 37s 440ms
347,938,520,239.3,00m 37s 480ms
347,939,528.3,258.8,00m 37s 520ms
347,940,537.4,269.2,00m 37s 560ms
347,941,544.5,281.9,00m 37s 600ms
347,942,548.8,322.9,00m 37s 640ms
347,943,551.7,340.9,00m 37s 680ms
347,944,554.7,347.9,00m 37s 720ms
347,945,556.4,354,00m 37s 760ms
347,946,555.4,388.1,00m 37s 800ms
347,947,555.2,414.1,00m 37s 840ms
347,948,558.6,435.2,00m 37s 880ms
347,949,558.4,463.9,00m 37s 920ms
347,950,549.2,502.8,00m 37s 960ms
347,951,544.6,548.6,00m 38s 000ms
347,952,534.5,585,00m 38s 040ms
347,953,527.3,613.8,00m 38s 080ms
347,954,522.3,643,00m 38s 120ms
347,955,517.8,672.7,00m 38s 160ms
347,956,516.2,695.2,00m 38s 200ms
347,957,515.6,713.9,00m 38s 240ms
347,958,514.7,720,00m 38s 280ms
347,959,513.2,720,00m 38s 320ms
347,960,511.2,720,00m 38s 360ms
347,961,510.1,720,00m 38s 400ms
347,962,511.5,720,00m 38s 440ms
347,963,512.9,720,00m 38s 480ms
347,964,512.4,720,00m 38s 520ms
347,965,509.5,720,00m 38s 560ms
347,966,508.9,720,00m 38s 600ms
347,967,509,720,00m 38s 640ms
347,968,508.1,720,00m 38s 680ms
347,969,504.4,720,00m 38s 720ms
347,970,501.7,720,00m 38s 760ms
347,971,499.5,720,00m 38s 800ms
347,972,498.1,720,00m 38s 840ms
347,973,496.5,720,00m 38s 880ms
347,974,496.6,720,00m 38s 920ms
347,975,498.1,720,00m 38s 960ms
347,976,502.3,717.5,00m 39s 000ms
347,977,507.4,711.2,00m 39s 040ms
347,978,512.7,695.8,00m 39s 080ms
347,979,519.2,680.4,00m 39s 120ms
347,980,524.7,665.5,00m 39s 160ms
347,981,532.4,642.5,00m 39s 200ms
347,982,541.7,620.2,00m 39s 240ms
347,983,549.9,586.2,00m 39s 280ms
347,984,557.1,572.3,00m 39s 320ms
347,985,557.8,535.5,00m 39s 360ms
347,986,571.1,491.4,00m 39s 400ms
347,987,582.4,464.8,00m 39s 440ms
347,988,572.2,434.7,00m 39s 480ms
347,989,577,425.9,00m 39s 520ms
347,990,577,389.2,00m 39s 560ms
347,991,572.7,361.1,00m 39s 600ms
347,992,566,350.3,00m 39s 640ms
347,993,561.3,344.8,00m 39s 680ms
347,994,555.7,324.2,00m 39s 720ms
347,995,553,294.4,00m 39s 760ms
347,996,550.2,281.8,00m 39s 800ms
347,997,544.6,277.1,00m 39s 840ms
347,998,540.3,270.4,00m 39s 880ms
347,999,535,242,00m 39s 920ms
347,1000,531.7,227.7,00m 39s 960ms
347,1001,530.7,221.8,00m 40s 000ms
347,1003,532.6,185.6,00m 40s 080ms
347,1004,532.6,171.6,00m 40s 120ms
347,1005,530.7,165.5,00m 40s 160ms
347,1006,528.4,161.2,00m 40s 200ms
347,1007,525.1,137.5,00m 40s 240ms
347,1008,522.5,126.4,00m 40s 280ms
347,1009,518.5,126.7,00m 40s 320ms
347,1010,517.3,127.6,00m 40s 360ms
347,1011,518.3,124.8,00m 40s 400ms
347,1012,521.1,130,00m 40s 440ms
347,1013,525.2,135.1,00m 40s 480ms
347,1014,527.4,142.9,00m 40s 520ms
347,1015,528.8,148.5,00m 40s 560ms
347,1016,532.4,152.8,00m 40s 600ms
347,1017,535.5,152.2,00m 40s 640ms
347,1018,535.7,156.5,00m 40s 680ms
347,1019,536.2,168.5,00m 40s 720ms
347,1020,535.2,184.3,00m 40s 760ms
347,1021,535.4,199.3,00m 40s 800ms
347,1022,534.9,204.6,00m 40s 840ms
347,1023,535.6,222.8,00m 40s 880ms
347,1024,537.9,246.7,00m 40s 920ms
347,1025,542.1,264.9,00m 40s 960ms
347,1026,546.5,274.2,00m 41s 000ms
347,1027,551.2,279.1,00m 41s 040ms
347,1028,554.5,314.2,00m 41s 080ms
347,1029,555.9,335,00m 41s 120ms
347,1030,558.5,341.6,00m 41s 160ms
347,1031,560.7,350.9,00m 41s 200ms
347,1032,561,369.8,00m 41s 240ms
347,1033,559.6,414.5,00m 41s 280ms
347,1034,562.3,430.5,00m 41s 320ms
347,1035,564.9,458.5,00m 41s 360ms
347,1036,558.4,472.9,00m 41s 400ms
347,1037,556.3,514.7,00m 41s 440ms
347,1038,551.8,563.2,00m 41s 480ms
347,1039,538.5,598.3,00m 41s 520ms
347,1040,529,623.7,00m 41s 560ms
347,1041,520.5,650,00m 41s 600ms
347,1042,516.4,674.4,00m 41s 640ms
347,1043,512.9,694.2,00m 41s 680ms
347,1044,512.3,709,00m 41s 720ms
347,1045,513.1,719.2,00m 41s 760ms
347,1046,512.3,720,00m 41s 800ms
347,1047,512.9,720,00m 41s 840ms
347,1048,514.6,720,00m 41s 880ms
347,1049,515.6,720,00m 41s 920ms
347,1050,516.5,720,00m 41s 960ms
347,1051,520,720,00m 42s 000ms
347,1052,523.3,720,00m 42s 040ms
347,1053,530.4,720,00m 42s 080ms
347,1054,530.5,720,00m 42s 120ms
347,1055,528.8,720,00m 42s 160ms
347,1056,527.7,720,00m 42s 200ms
347,1057,520.3,720,00m 42s 240ms
347,1058,516.2,720,00m 42s 280ms
347,1059,514.4,720,00m 42s 320ms
347,1060,512.1,720,00m 42s 360ms
347,1061,510.7,720,00m 42s 400ms
347,1062,509.3,720,00m 42s 440ms
347,1063,509.1,720,00m 42s 480ms
347,1064,511.2,716.2,00m 42s 520ms
347,1065,513.6,704.1,00m 42s 560ms
347,1066,520.4,690.8,00m 42s 600ms
347,1067,525,679.7,00m 42s 640ms
347,1068,530.5,659.1,00m 42s 680ms
347,1069,542.4,631.8,00m 42s 720ms
347,1070,545.8,598.5,00m 42s 760ms
347,1071,548.3,566.6,00m 42s 800ms
347,1072,553,535.3,00m 42s 840ms
347,1073,555.7,496.4,00m 42s 880ms
347,1074,567.9,471.4,00m 42s 920ms
347,1075,577.8,438.7,00m 42s 960ms
347,1076,574.6,410.9,00m 43s 000ms
347,1077,573.2,400.7,00m 43s 040ms
347,1078,570.7,383.3,00m 43s 080ms
347,1079,566.5,341.6,00m 43s 120ms
347,1080,560.9,323.8,00m 43s 160ms
347,1081,558.1,315.4,00m 43s 200ms
347,1082,558.7,295.9,00m 43s 240ms
347,1083,560.6,271.6,00m 43s 280ms
347,1084,563.5,259.4,00m 43s 320ms
347,1085,567.4,255.1,00m 43s 360ms
347,1086,575.2,243.1,00m 43s 400ms
347,1087,582.6,224.1,00m 43s 440ms
347,1088,588.6,212.1,00m 43s 480ms
347,1089,594.7,205.7,00m 43s 520ms
347,1090,608.1,199.8,00m 43s 560ms
347,1091,632.3,189.3,00m 43s 600ms
347,1092,649.3,176.9,00m 43s 640ms
347,1093,662.3,162.8,00m 43s 680ms
347,1094,669.9,159,00m 43s 720ms
347,1095,675.2,158.6,00m 43s 760ms
347,1096,679.8,161.6,00m 43s 800ms
347,1097,682.4,163.9,00m 43s 840ms
347,1098,683.2,163.2,00m 43s 880ms
347,1099,684.4,164.1,00m 43s 920ms
347,1100,684.5,162.5,00m 43s 960ms
347,1101,684.5,158.9,00m 44s 000ms
347,1102,684.1,158.9,00m 44s 040ms
347,1103,683.3,154.7,00m 44s 080ms
347,1104,685.2,151.2,00m 44s 120ms
347,1105,684.5,149.9,00m 44s 160ms
347,1106,681.9,155.8,00m 44s 200ms
347,1107,677.9,161.6,00m 44s 240ms
347,1108,671.7,165.5,00m 44s 280ms
347,1109,662.9,171,00m 44s 320ms
347,1110,655.9,178,00m 44s 360ms
347,1111,649.3,171.5,00m 44s 400ms
347,1112,635,177.6,00m 44s 440ms
347,1113,624.7,185.7,00m 44s 480ms
347,1114,602.7,209.5,00m 44s 520ms
347,1115,592,216.9,00m 44s 560ms
347,1116,578.8,228.4,00m 44s 600ms
347,1117,566.5,251.4,00m 44s 640ms
347,1118,559.2,263.1,00m 44s 680ms
347,1119,552.8,266.3,00m 44s 720ms
347,1120,549.4,286.6,00m 44s 760ms
347,1121,548.3,317.1,00m 44s 800ms
347,1122,550.4,330.7,00m 44s 840ms
347,1123,558.2,338.1,00m 44s 880ms
347,1124,562.4,336.6,00m 44s 920ms
347,1125,562.8,361.3,00m 44s 960ms
347,1126,559.7,378.2,00m 45s 000ms
347,1127,555.3,397.1,00m 45s 040ms
347,1128,554.2,421.6,00m 45s 080ms
347,1129,549.2,459.1,00m 45s 120ms
347,1130,547.3,508.8,00m 45s 160ms
347,1131,544.3,545.1,00m 45s 200ms
347,1132,545.1,578.8,00m 45s 240ms
347,1133,540.9,612.5,00m 45s 280ms
347,1134,528.9,641,00m 45s 320ms
347,1135,521.1,664.6,00m 45s 360ms
347,1136,514.7,686.3,00m 45s 400ms
347,1137,512.8,701,00m 45s 440ms
347,1138,514.7,715.8,00m 45s 480ms
347,1139,517.3,720,00m 45s 520ms
347,1140,519.4,720,00m 45s 560ms
347,1141,521.4,720,00m 45s 600ms
347,1142,521.3,720,00m 45s 640ms
347,1143,519.2,720,00m 45s 680ms
347,1144,518.2,720,00m 45s 720ms
347,1145,516.4,720,00m 45s 760ms
347,1146,514.7,720,00m 45s 800ms
347,1147,513.2,720,00m 45s 840ms
347,1148,515,720,00m 45s 880ms
347,1149,519.5,720,00m 45s 920ms
347,1150,525.4,720,00m 45s 960ms
347,1151,525.4,720,00m 46s 000ms
347,1152,522.6,720,00m 46s 040ms
347,1153,518.2,720,00m 46s 080ms
347,1154,516.8,720,00m 46s 120ms
347,1155,514.5,720,00m 46s 160ms
347,1156,512.2,720,00m 46s 200ms
347,1157,509.4,720,00m 46s 240ms
347,1158,507.4,720,00m 46s 280ms
347,1159,506.1,720,00m 46s 320ms
347,1160,508.2,720,00m 46s 360ms
347,1161,512.8,717.4,00m 46s 400ms
347,1162,520.4,706.4,00m 46s 440ms
347,1163,527.7,694.5,00m 46s 480ms
347,1164,531.7,678.9,00m 46s 520ms
347,1165,535.1,659.7,00m 46s 560ms
347,1166,537.4,635.3,00m 46s 600ms
347,1167,541.2,606.3,00m 46s 640ms
347,1168,547,581.2,00m 46s 680ms
347,1169,551.7,557.3,00m 46s 720ms
347,1170,557.4,526.9,00m 46s 760ms
347,1171,566.9,497,00m 46s 800ms
347,1172,571.7,470.9,00m 46s 840ms
347,1173,571,437,00m 46s 880ms
347,1174,568.9,420.2,00m 46s 920ms
347,1175,565.3,407.6,00m 46s 960ms
347,1176,562.3,368.9,00m 47s 000ms
347,1177,557.7,349.7,00m 47s 040ms
347,1178,555.5,341.2,00m 47s 080ms
347,1179,554.8,336.1,00m 47s 120ms
347,1180,554.3,304.8,00m 47s 160ms
347,1181,552.8,284.9,00m 47s 200ms
347,1182,549,278.1,00m 47s 240ms
347,1183,541.4,271.7,00m 47s 280ms
347,1184,535.9,256.7,00m 47s 320ms
347,1185,532.8,237.3,00m 47s 360ms
347,1186,531.7,229.9,00m 47s 400ms
347,1187,530.7,225.3,00m 47s 440ms
347,1188,533.1,214.1,00m 47s 480ms
347,1189,534.2,201.2,00m 47s 520ms
347,1190,534.8,191.7,00m 47s 560ms
347,1191,531.5,186.4,00m 47s 600ms
347,1192,526.8,172.6,00m 47s 640ms
347,1193,523.3,157.3,00m 47s 680ms
347,1194,520.5,149.1,00m 47s 720ms
347,1195,518.8,147.7,00m 47s 760ms
347,1196,518.8,149.9,00m 47s 800ms
347,1197,521.9,156.3,00m 47s 840ms
347,1198,525.5,156.6,00m 47s 880ms
347,1199,529.7,157,00m 47s 920ms
347,1200,533.6,161.4,00m 47s 960ms
347,1201,536.4,163.7,00m 48s 000ms
347,1202,534.4,176,00m 48s 040ms
347,1203,533.9,202.7,00m 48s 080ms
347,1204,534.7,214,00m 48s 120ms
347,1205,535.1,218.4,00m 48s 160ms
347,1206,538.7,246.7,00m 48s 200ms
347,1207,543.6,271.4,00m 48s 240ms
347,1208,551.1,286.3,00m 48s 280ms
347,1209,552.8,287.7,00m 48s 320ms
347,1210,552.9,307.7,00m 48s 360ms
347,1211,554.2,335.6,00m 48s 400ms
347,1212,554.8,348,00m 48s 440ms
347,1213,556,354.2,00m 48s 480ms
347,1214,555.5,370.8,00m 48s 520ms
347,1215,553.1,417.9,00m 48s 560ms
347,1216,556.6,439,00m 48s 600ms
347,1217,559.1,474.1,00m 48s 640ms
347,1218,558.4,504.1,00m 48s 680ms
347,1219,553.7,541.2,00m 48s 720ms
347,1220,547.8,575,00m 48s 760ms
347,1221,542.3,605.3,00m 48s 800ms
347,1222,536.1,633.9,00m 48s 840ms
347,1223,532.9,655.5,00m 48s 880ms
347,1224,533.8,680.9,00m 48s 920ms
347,1225,534.3,699.1,00m 48s 960ms
347,1226,535.3,712.3,00m 49s 000ms
347,1227,533.7,720,00m 49s 040ms
347,1228,529.8,720,00m 49s 080ms
347,1229,521.9,720,00m 49s 120ms
347,1230,514.1,720,00m 49s 160ms
347,1231,507.5,720,00m 49s 200ms
347,1232,501.9,720,00m 49s 240ms
347,1233,501,720,00m 49s 280ms
347,1234,503.2,720,00m 49s 320ms
347,1235,504.1,720,00m 49s 360ms
347,1236,505.2,720,00m 49s 400ms
347,1237,505,720,00m 49s 440ms
347,1238,507.5,720,00m 49s 480ms
347,1239,509.3,720,00m 49s 520ms
347,1240,509.9,720,00m 49s 560ms
347,1241,508.1,720,00m 49s 600ms
347,1242,506,719,00m 49s 640ms
347,1243,502.8,714.1,00m 49s 680ms
347,1244,500.1,718.6,00m 49s 720ms
347,1245,494.8,715.3,00m 49s 760ms
347,1246,487,706.3,00m 49s 800ms
347,1247,478.9,693.9,00m 49s 840ms
347,1248,467.4,683.1,00m 49s 880ms
347,1249,451.8,674.7,00m 49s 920ms
347,1250,433.8,661.9,00m 49s 960ms
