split,image,label,selection
train,frame_000210_person_03.jpg,negative,sampled_negative
train,frame_000210_person_13.jpg,negative,sampled_negative
train,frame_000215_person_05.jpg,negative,sampled_negative
train,frame_000221_person_03.jpg,negative,sampled_negative
train,frame_000227_person_05.jpg,negative,sampled_negative
train,frame_000227_person_15.jpg,negative,sampled_negative
train,frame_000227_person_18.jpg,negative,sampled_negative
train,frame_000241_person_09.jpg,negative,sampled_negative
train,frame_000249_person_07.jpg,negative,sampled_negative
train,frame_000249_person_08.jpg,negative,sampled_negative
train,frame_000264_person_06.jpg,negative,sampled_negative
train,frame_000264_person_13.jpg,negative,sampled_negative
train,frame_000272_person_13.jpg,negative,sampled_negative
train,frame_000279_person_03.jpg,negative,sampled_negative
train,frame_000279_person_04.jpg,negative,sampled_negative
train,frame_000279_person_14.jpg,negative,sampled_negative
train,frame_000289_person_13.jpg,negative,sampled_negative
train,frame_000301_person_05.jpg,negative,sampled_negative
train,frame_000310_person_05.jpg,negative,sampled_negative
train,frame_000318_person_04.jpg,negative,sampled_negative
train,frame_000318_person_14.jpg,positive,all_positive
train,frame_000327_person_01.jpg,negative,sampled_negative
train,frame_000340_person_10.jpg,positive,all_positive
train,frame_000340_person_17.jpg,negative,sampled_negative
train,frame_000346_person_07.jpg,negative,sampled_negative
train,frame_000346_person_18.jpg,positive,all_positive
train,frame_000356_person_02.jpg,negative,sampled_negative
train,frame_000367_person_06.jpg,negative,sampled_negative
train,frame_000376_person_08.jpg,positive,all_positive
train,frame_000379_person_08.jpg,positive,all_positive
train,frame_000391_person_03.jpg,negative,sampled_negative
train,frame_000423_person_04.jpg,positive,all_positive
train,frame_000423_person_05.jpg,negative,sampled_negative
train,frame_000435_person_00.jpg,positive,all_positive
train,frame_000439_person_00.jpg,negative,sampled_negative
train,frame_000439_person_07.jpg,negative,sampled_negative
train,frame_000439_person_09.jpg,negative,sampled_negative
train,frame_000439_person_12.jpg,negative,sampled_negative
train,frame_000459_person_00.jpg,positive,all_positive
train,frame_000459_person_01.jpg,positive,all_positive
train,frame_000459_person_05.jpg,negative,sampled_negative
train,frame_000476_person_14.jpg,negative,sampled_negative
train,frame_000486_person_16.jpg,negative,sampled_negative
train,frame_000486_person_17.jpg,negative,sampled_negative
train,frame_000502_person_09.jpg,positive,all_positive
train,frame_000502_person_16.jpg,negative,sampled_negative
train,frame_000509_person_01.jpg,negative,sampled_negative
train,frame_000509_person_03.jpg,negative,sampled_negative
train,frame_000509_person_08.jpg,negative,sampled_negative
train,frame_000509_person_10.jpg,positive,all_positive
train,frame_000509_person_16.jpg,negative,sampled_negative
train,frame_000513_person_05.jpg,negative,sampled_negative
train,frame_000612_person_15.jpg,negative,sampled_negative
train,frame_000615_person_03.jpg,negative,sampled_negative
train,frame_000615_person_06.jpg,negative,sampled_negative
train,frame_000625_person_03.jpg,negative,sampled_negative
train,frame_000625_person_11.jpg,negative,sampled_negative
train,frame_000633_person_05.jpg,negative,sampled_negative
train,frame_000639_person_04.jpg,negative,sampled_negative
train,frame_000647_person_09.jpg,negative,sampled_negative
train,frame_000657_person_11.jpg,negative,sampled_negative
train,frame_000666_person_00.jpg,negative,sampled_negative
train,frame_000666_person_04.jpg,negative,sampled_negative
train,frame_000674_person_10.jpg,negative,sampled_negative
train,frame_000688_person_08.jpg,negative,sampled_negative
train,frame_000692_person_15.jpg,negative,sampled_negative
train,frame_000701_person_11.jpg,negative,sampled_negative
train,frame_000704_person_05.jpg,negative,sampled_negative
train,frame_000704_person_11.jpg,negative,sampled_negative
train,frame_000704_person_13.jpg,negative,sampled_negative
train,frame_000732_person_03.jpg,negative,sampled_negative
train,frame_000732_person_09.jpg,negative,sampled_negative
train,frame_000741_person_06.jpg,negative,sampled_negative
train,frame_000741_person_08.jpg,negative,sampled_negative
train,frame_000753_person_00.jpg,negative,sampled_negative
train,frame_000757_person_00.jpg,negative,sampled_negative
train,frame_000757_person_04.jpg,negative,sampled_negative
train,frame_000769_person_18.jpg,negative,sampled_negative
train,frame_000771_person_12.jpg,negative,sampled_negative
train,frame_000771_person_15.jpg,negative,sampled_negative
train,frame_000784_person_01.jpg,negative,sampled_negative
train,frame_000784_person_18.jpg,negative,sampled_negative
train,frame_000790_person_00.jpg,negative,sampled_negative
train,frame_000814_person_05.jpg,positive,all_positive
train,frame_000814_person_10.jpg,negative,sampled_negative
train,frame_000814_person_12.jpg,negative,sampled_negative
train,frame_000818_person_06.jpg,positive,all_positive
train,frame_000818_person_18.jpg,negative,sampled_negative
train,frame_000847_person_00.jpg,positive,all_positive
train,frame_000847_person_03.jpg,negative,sampled_negative
train,frame_000847_person_04.jpg,negative,sampled_negative
train,frame_000847_person_17.jpg,negative,sampled_negative
train,frame_000860_person_00.jpg,positive,all_positive
train,frame_000860_person_01.jpg,negative,sampled_negative
train,frame_000867_person_05.jpg,negative,sampled_negative
train,frame_000948_person_04.jpg,negative,sampled_negative
train,frame_000948_person_05.jpg,negative,sampled_negative
train,frame_000948_person_08.jpg,negative,sampled_negative
train,frame_000957_person_05.jpg,negative,sampled_negative
train,frame_000974_person_04.jpg,positive,all_positive
train,frame_000974_person_05.jpg,negative,sampled_negative
train,frame_000983_person_03.jpg,positive,all_positive
train,frame_000990_person_13.jpg,negative,sampled_negative
train,frame_000995_person_02.jpg,negative,sampled_negative
train,frame_000995_person_15.jpg,negative,sampled_negative
train,frame_001011_person_00.jpg,positive,all_positive
train,frame_001021_person_00.jpg,positive,all_positive
train,frame_001029_person_07.jpg,positive,all_positive
train,frame_001029_person_11.jpg,negative,sampled_negative
train,frame_001045_person_07.jpg,negative,sampled_negative
train,frame_001045_person_08.jpg,negative,sampled_negative
train,frame_001052_person_00.jpg,negative,sampled_negative
train,frame_001052_person_10.jpg,negative,sampled_negative
train,frame_001060_person_03.jpg,positive,all_positive
train,frame_001062_person_00.jpg,negative,sampled_negative
train,frame_001062_person_06.jpg,positive,all_positive
train,frame_001062_person_14.jpg,negative,sampled_negative
train,frame_001143_person_07.jpg,negative,sampled_negative
train,frame_001151_person_06.jpg,positive,all_positive
train,frame_001151_person_07.jpg,negative,sampled_negative
train,frame_001162_person_00.jpg,positive,all_positive
train,frame_001162_person_13.jpg,negative,sampled_negative
train,frame_001162_person_15.jpg,negative,sampled_negative
train,frame_001170_person_03.jpg,positive,all_positive
train,frame_001174_person_04.jpg,negative,sampled_negative
train,frame_001174_person_12.jpg,negative,sampled_negative
train,frame_001174_person_14.jpg,negative,sampled_negative
train,frame_001181_person_15.jpg,negative,sampled_negative
train,frame_001194_person_06.jpg,negative,sampled_negative
train,frame_001196_person_01.jpg,positive,all_positive
val,frame_000009_person_00.jpg,negative,evaluation_negative
val,frame_000009_person_01.jpg,negative,evaluation_negative
val,frame_000009_person_02.jpg,negative,evaluation_negative
val,frame_000009_person_03.jpg,negative,evaluation_negative
val,frame_000009_person_04.jpg,negative,evaluation_negative
val,frame_000009_person_05.jpg,negative,evaluation_negative
val,frame_000009_person_06.jpg,negative,evaluation_negative
val,frame_000009_person_07.jpg,negative,evaluation_negative
val,frame_000009_person_08.jpg,negative,evaluation_negative
val,frame_000009_person_09.jpg,negative,evaluation_negative
val,frame_000009_person_10.jpg,negative,evaluation_negative
val,frame_000009_person_11.jpg,negative,evaluation_negative
val,frame_000009_person_12.jpg,negative,evaluation_negative
val,frame_000009_person_13.jpg,negative,evaluation_negative
val,frame_000009_person_14.jpg,negative,evaluation_negative
val,frame_000009_person_15.jpg,negative,evaluation_negative
val,frame_000009_person_16.jpg,negative,evaluation_negative
val,frame_000009_person_17.jpg,negative,evaluation_negative
val,frame_000009_person_18.jpg,negative,evaluation_negative
val,frame_000016_person_00.jpg,negative,evaluation_negative
val,frame_000016_person_01.jpg,negative,evaluation_negative
val,frame_000016_person_02.jpg,negative,evaluation_negative
val,frame_000016_person_03.jpg,negative,evaluation_negative
val,frame_000016_person_04.jpg,negative,evaluation_negative
val,frame_000016_person_05.jpg,negative,evaluation_negative
val,frame_000016_person_06.jpg,negative,evaluation_negative
val,frame_000016_person_07.jpg,negative,evaluation_negative
val,frame_000016_person_08.jpg,negative,evaluation_negative
val,frame_000016_person_09.jpg,negative,evaluation_negative
val,frame_000016_person_10.jpg,negative,evaluation_negative
val,frame_000016_person_11.jpg,negative,evaluation_negative
val,frame_000016_person_12.jpg,negative,evaluation_negative
val,frame_000016_person_13.jpg,negative,evaluation_negative
val,frame_000016_person_14.jpg,negative,evaluation_negative
val,frame_000016_person_15.jpg,negative,evaluation_negative
val,frame_000016_person_16.jpg,negative,evaluation_negative
val,frame_000016_person_17.jpg,negative,evaluation_negative
val,frame_000016_person_18.jpg,negative,evaluation_negative
val,frame_000019_person_00.jpg,negative,evaluation_negative
val,frame_000019_person_01.jpg,negative,evaluation_negative
val,frame_000019_person_02.jpg,negative,evaluation_negative
val,frame_000019_person_03.jpg,negative,evaluation_negative
val,frame_000019_person_04.jpg,negative,evaluation_negative
val,frame_000019_person_05.jpg,negative,evaluation_negative
val,frame_000019_person_06.jpg,negative,evaluation_negative
val,frame_000019_person_07.jpg,negative,evaluation_negative
val,frame_000019_person_08.jpg,negative,evaluation_negative
val,frame_000019_person_09.jpg,negative,evaluation_negative
val,frame_000019_person_10.jpg,negative,evaluation_negative
val,frame_000019_person_11.jpg,negative,evaluation_negative
val,frame_000019_person_12.jpg,negative,evaluation_negative
val,frame_000019_person_13.jpg,negative,evaluation_negative
val,frame_000019_person_14.jpg,negative,evaluation_negative
val,frame_000019_person_15.jpg,negative,evaluation_negative
val,frame_000019_person_16.jpg,negative,evaluation_negative
val,frame_000019_person_17.jpg,negative,evaluation_negative
val,frame_000019_person_18.jpg,negative,evaluation_negative
val,frame_000019_person_19.jpg,negative,evaluation_negative
val,frame_000032_person_00.jpg,negative,evaluation_negative
val,frame_000032_person_01.jpg,negative,evaluation_negative
val,frame_000032_person_02.jpg,negative,evaluation_negative
val,frame_000032_person_03.jpg,negative,evaluation_negative
val,frame_000032_person_04.jpg,negative,evaluation_negative
val,frame_000032_person_05.jpg,negative,evaluation_negative
val,frame_000032_person_06.jpg,negative,evaluation_negative
val,frame_000032_person_07.jpg,negative,evaluation_negative
val,frame_000032_person_08.jpg,negative,evaluation_negative
val,frame_000032_person_09.jpg,negative,evaluation_negative
val,frame_000032_person_10.jpg,negative,evaluation_negative
val,frame_000032_person_11.jpg,negative,evaluation_negative
val,frame_000032_person_12.jpg,negative,evaluation_negative
val,frame_000032_person_13.jpg,negative,evaluation_negative
val,frame_000032_person_14.jpg,negative,evaluation_negative
val,frame_000032_person_15.jpg,negative,evaluation_negative
val,frame_000032_person_16.jpg,negative,evaluation_negative
val,frame_000032_person_17.jpg,negative,evaluation_negative
val,frame_000032_person_18.jpg,negative,evaluation_negative
val,frame_000034_person_00.jpg,negative,evaluation_negative
val,frame_000034_person_01.jpg,negative,evaluation_negative
val,frame_000034_person_02.jpg,negative,evaluation_negative
val,frame_000034_person_03.jpg,negative,evaluation_negative
val,frame_000034_person_04.jpg,negative,evaluation_negative
val,frame_000034_person_05.jpg,negative,evaluation_negative
val,frame_000034_person_06.jpg,negative,evaluation_negative
val,frame_000034_person_07.jpg,negative,evaluation_negative
val,frame_000034_person_08.jpg,negative,evaluation_negative
val,frame_000034_person_09.jpg,negative,evaluation_negative
val,frame_000034_person_10.jpg,negative,evaluation_negative
val,frame_000034_person_11.jpg,negative,evaluation_negative
val,frame_000034_person_12.jpg,negative,evaluation_negative
val,frame_000034_person_13.jpg,negative,evaluation_negative
val,frame_000034_person_14.jpg,negative,evaluation_negative
val,frame_000034_person_15.jpg,negative,evaluation_negative
val,frame_000034_person_16.jpg,negative,evaluation_negative
val,frame_000034_person_17.jpg,negative,evaluation_negative
val,frame_000034_person_18.jpg,negative,evaluation_negative
val,frame_000046_person_00.jpg,negative,evaluation_negative
val,frame_000046_person_01.jpg,negative,evaluation_negative
val,frame_000046_person_02.jpg,negative,evaluation_negative
val,frame_000046_person_03.jpg,negative,evaluation_negative
val,frame_000046_person_04.jpg,negative,evaluation_negative
val,frame_000046_person_05.jpg,negative,evaluation_negative
val,frame_000046_person_06.jpg,negative,evaluation_negative
val,frame_000046_person_07.jpg,negative,evaluation_negative
val,frame_000046_person_08.jpg,negative,evaluation_negative
val,frame_000046_person_09.jpg,negative,evaluation_negative
val,frame_000046_person_10.jpg,negative,evaluation_negative
val,frame_000046_person_11.jpg,negative,evaluation_negative
val,frame_000046_person_12.jpg,negative,evaluation_negative
val,frame_000046_person_13.jpg,negative,evaluation_negative
val,frame_000046_person_14.jpg,negative,evaluation_negative
val,frame_000046_person_15.jpg,negative,evaluation_negative
val,frame_000046_person_16.jpg,negative,evaluation_negative
val,frame_000046_person_17.jpg,negative,evaluation_negative
val,frame_000046_person_18.jpg,negative,evaluation_negative
val,frame_000046_person_19.jpg,negative,evaluation_negative
val,frame_000053_person_00.jpg,negative,evaluation_negative
val,frame_000053_person_01.jpg,negative,evaluation_negative
val,frame_000053_person_02.jpg,negative,evaluation_negative
val,frame_000053_person_03.jpg,negative,evaluation_negative
val,frame_000053_person_04.jpg,negative,evaluation_negative
val,frame_000053_person_05.jpg,negative,evaluation_negative
val,frame_000053_person_06.jpg,negative,evaluation_negative
val,frame_000053_person_07.jpg,negative,evaluation_negative
val,frame_000053_person_08.jpg,negative,evaluation_negative
val,frame_000053_person_09.jpg,negative,evaluation_negative
val,frame_000053_person_10.jpg,negative,evaluation_negative
val,frame_000053_person_11.jpg,negative,evaluation_negative
val,frame_000053_person_12.jpg,negative,evaluation_negative
val,frame_000053_person_13.jpg,negative,evaluation_negative
val,frame_000053_person_14.jpg,negative,evaluation_negative
val,frame_000053_person_15.jpg,negative,evaluation_negative
val,frame_000053_person_16.jpg,negative,evaluation_negative
val,frame_000053_person_17.jpg,negative,evaluation_negative
val,frame_000053_person_18.jpg,negative,evaluation_negative
val,frame_000053_person_19.jpg,negative,evaluation_negative
val,frame_000064_person_00.jpg,negative,evaluation_negative
val,frame_000064_person_01.jpg,negative,evaluation_negative
val,frame_000064_person_02.jpg,negative,evaluation_negative
val,frame_000064_person_03.jpg,negative,evaluation_negative
val,frame_000064_person_04.jpg,negative,evaluation_negative
val,frame_000064_person_05.jpg,negative,evaluation_negative
val,frame_000064_person_06.jpg,negative,evaluation_negative
val,frame_000064_person_07.jpg,negative,evaluation_negative
val,frame_000064_person_08.jpg,negative,evaluation_negative
val,frame_000064_person_09.jpg,negative,evaluation_negative
val,frame_000064_person_10.jpg,negative,evaluation_negative
val,frame_000064_person_11.jpg,negative,evaluation_negative
val,frame_000064_person_12.jpg,negative,evaluation_negative
val,frame_000064_person_13.jpg,negative,evaluation_negative
val,frame_000064_person_14.jpg,negative,evaluation_negative
val,frame_000064_person_15.jpg,negative,evaluation_negative
val,frame_000064_person_16.jpg,negative,evaluation_negative
val,frame_000064_person_17.jpg,negative,evaluation_negative
val,frame_000064_person_18.jpg,negative,evaluation_negative
val,frame_000064_person_19.jpg,negative,evaluation_negative
val,frame_001076_person_00.jpg,negative,evaluation_negative
val,frame_001076_person_01.jpg,negative,evaluation_negative
val,frame_001076_person_02.jpg,negative,evaluation_negative
val,frame_001076_person_03.jpg,negative,evaluation_negative
val,frame_001076_person_04.jpg,negative,evaluation_negative
val,frame_001076_person_05.jpg,negative,evaluation_negative
val,frame_001076_person_06.jpg,negative,evaluation_negative
val,frame_001076_person_07.jpg,negative,evaluation_negative
val,frame_001076_person_08.jpg,negative,evaluation_negative
val,frame_001076_person_09.jpg,negative,evaluation_negative
val,frame_001076_person_10.jpg,negative,evaluation_negative
val,frame_001076_person_11.jpg,negative,evaluation_negative
val,frame_001076_person_12.jpg,negative,evaluation_negative
val,frame_001076_person_13.jpg,negative,evaluation_negative
val,frame_001076_person_14.jpg,negative,evaluation_negative
val,frame_001076_person_15.jpg,negative,evaluation_negative
val,frame_001076_person_16.jpg,negative,evaluation_negative
val,frame_001088_person_00.jpg,negative,evaluation_negative
val,frame_001088_person_01.jpg,negative,evaluation_negative
val,frame_001088_person_02.jpg,negative,evaluation_negative
val,frame_001088_person_03.jpg,negative,evaluation_negative
val,frame_001088_person_04.jpg,negative,evaluation_negative
val,frame_001088_person_05.jpg,negative,evaluation_negative
val,frame_001088_person_06.jpg,negative,evaluation_negative
val,frame_001088_person_07.jpg,negative,evaluation_negative
val,frame_001088_person_08.jpg,negative,evaluation_negative
val,frame_001088_person_09.jpg,negative,evaluation_negative
val,frame_001088_person_10.jpg,negative,evaluation_negative
val,frame_001088_person_11.jpg,negative,evaluation_negative
val,frame_001088_person_12.jpg,negative,evaluation_negative
val,frame_001088_person_13.jpg,negative,evaluation_negative
val,frame_001088_person_14.jpg,negative,evaluation_negative
val,frame_001088_person_15.jpg,negative,evaluation_negative
val,frame_001088_person_16.jpg,negative,evaluation_negative
val,frame_001094_person_00.jpg,negative,evaluation_negative
val,frame_001094_person_01.jpg,negative,evaluation_negative
val,frame_001094_person_02.jpg,negative,evaluation_negative
val,frame_001094_person_03.jpg,negative,evaluation_negative
val,frame_001094_person_04.jpg,negative,evaluation_negative
val,frame_001094_person_05.jpg,negative,evaluation_negative
val,frame_001094_person_06.jpg,negative,evaluation_negative
val,frame_001094_person_07.jpg,negative,evaluation_negative
val,frame_001094_person_08.jpg,negative,evaluation_negative
val,frame_001094_person_09.jpg,negative,evaluation_negative
val,frame_001094_person_10.jpg,negative,evaluation_negative
val,frame_001094_person_11.jpg,negative,evaluation_negative
val,frame_001094_person_12.jpg,negative,evaluation_negative
val,frame_001094_person_13.jpg,negative,evaluation_negative
val,frame_001094_person_14.jpg,negative,evaluation_negative
val,frame_001094_person_15.jpg,negative,evaluation_negative
val,frame_001094_person_16.jpg,negative,evaluation_negative
val,frame_001103_person_00.jpg,negative,evaluation_negative
val,frame_001103_person_01.jpg,negative,evaluation_negative
val,frame_001103_person_02.jpg,negative,evaluation_negative
val,frame_001103_person_03.jpg,negative,evaluation_negative
val,frame_001103_person_04.jpg,negative,evaluation_negative
val,frame_001103_person_05.jpg,negative,evaluation_negative
val,frame_001103_person_06.jpg,negative,evaluation_negative
val,frame_001103_person_07.jpg,negative,evaluation_negative
val,frame_001103_person_08.jpg,negative,evaluation_negative
val,frame_001103_person_09.jpg,positive,evaluation_positive
val,frame_001103_person_10.jpg,negative,evaluation_negative
val,frame_001103_person_11.jpg,negative,evaluation_negative
val,frame_001103_person_12.jpg,negative,evaluation_negative
val,frame_001103_person_13.jpg,negative,evaluation_negative
val,frame_001103_person_14.jpg,negative,evaluation_negative
val,frame_001103_person_15.jpg,negative,evaluation_negative
val,frame_001103_person_16.jpg,negative,evaluation_negative
val,frame_001106_person_00.jpg,negative,evaluation_negative
val,frame_001106_person_01.jpg,negative,evaluation_negative
val,frame_001106_person_02.jpg,positive,evaluation_positive
val,frame_001106_person_03.jpg,negative,evaluation_negative
val,frame_001106_person_04.jpg,negative,evaluation_negative
val,frame_001106_person_05.jpg,negative,evaluation_negative
val,frame_001106_person_06.jpg,negative,evaluation_negative
val,frame_001106_person_07.jpg,negative,evaluation_negative
val,frame_001106_person_08.jpg,negative,evaluation_negative
val,frame_001106_person_09.jpg,negative,evaluation_negative
val,frame_001106_person_10.jpg,negative,evaluation_negative
val,frame_001106_person_11.jpg,negative,evaluation_negative
val,frame_001106_person_12.jpg,negative,evaluation_negative
val,frame_001106_person_13.jpg,negative,evaluation_negative
val,frame_001106_person_14.jpg,negative,evaluation_negative
val,frame_001106_person_15.jpg,negative,evaluation_negative
val,frame_001106_person_16.jpg,negative,evaluation_negative
val,frame_001119_person_00.jpg,positive,evaluation_positive
val,frame_001119_person_01.jpg,negative,evaluation_negative
val,frame_001119_person_02.jpg,negative,evaluation_negative
val,frame_001119_person_03.jpg,negative,evaluation_negative
val,frame_001119_person_04.jpg,negative,evaluation_negative
val,frame_001119_person_05.jpg,negative,evaluation_negative
val,frame_001119_person_06.jpg,negative,evaluation_negative
val,frame_001119_person_07.jpg,negative,evaluation_negative
val,frame_001119_person_08.jpg,negative,evaluation_negative
val,frame_001119_person_09.jpg,negative,evaluation_negative
val,frame_001119_person_10.jpg,negative,evaluation_negative
val,frame_001119_person_11.jpg,negative,evaluation_negative
val,frame_001119_person_12.jpg,negative,evaluation_negative
val,frame_001119_person_13.jpg,negative,evaluation_negative
val,frame_001119_person_14.jpg,negative,evaluation_negative
val,frame_001119_person_15.jpg,negative,evaluation_negative
val,frame_001119_person_16.jpg,negative,evaluation_negative
val,frame_001123_person_00.jpg,negative,evaluation_negative
val,frame_001123_person_01.jpg,negative,evaluation_negative
val,frame_001123_person_02.jpg,negative,evaluation_negative
val,frame_001123_person_03.jpg,positive,evaluation_positive
val,frame_001123_person_04.jpg,negative,evaluation_negative
val,frame_001123_person_05.jpg,negative,evaluation_negative
val,frame_001123_person_06.jpg,negative,evaluation_negative
val,frame_001123_person_07.jpg,negative,evaluation_negative
val,frame_001123_person_08.jpg,negative,evaluation_negative
val,frame_001123_person_09.jpg,negative,evaluation_negative
val,frame_001123_person_10.jpg,negative,evaluation_negative
val,frame_001123_person_11.jpg,negative,evaluation_negative
val,frame_001123_person_12.jpg,negative,evaluation_negative
val,frame_001123_person_13.jpg,negative,evaluation_negative
val,frame_001123_person_14.jpg,negative,evaluation_negative
val,frame_001123_person_15.jpg,negative,evaluation_negative
val,frame_001123_person_16.jpg,negative,evaluation_negative
val,frame_001135_person_00.jpg,negative,evaluation_negative
val,frame_001135_person_01.jpg,negative,evaluation_negative
val,frame_001135_person_02.jpg,negative,evaluation_negative
val,frame_001135_person_03.jpg,negative,evaluation_negative
val,frame_001135_person_04.jpg,negative,evaluation_negative
val,frame_001135_person_05.jpg,negative,evaluation_negative
val,frame_001135_person_06.jpg,negative,evaluation_negative
val,frame_001135_person_07.jpg,negative,evaluation_negative
val,frame_001135_person_08.jpg,negative,evaluation_negative
val,frame_001135_person_09.jpg,negative,evaluation_negative
val,frame_001135_person_10.jpg,negative,evaluation_negative
val,frame_001135_person_11.jpg,negative,evaluation_negative
val,frame_001135_person_12.jpg,negative,evaluation_negative
val,frame_001135_person_13.jpg,negative,evaluation_negative
val,frame_001135_person_14.jpg,negative,evaluation_negative
val,frame_001135_person_15.jpg,negative,evaluation_negative
val,frame_001135_person_16.jpg,negative,evaluation_negative
val,frame_001210_person_00.jpg,negative,evaluation_negative
val,frame_001210_person_01.jpg,negative,evaluation_negative
val,frame_001210_person_02.jpg,positive,evaluation_positive
val,frame_001210_person_03.jpg,negative,evaluation_negative
val,frame_001210_person_04.jpg,negative,evaluation_negative
val,frame_001210_person_05.jpg,negative,evaluation_negative
val,frame_001210_person_06.jpg,negative,evaluation_negative
val,frame_001210_person_07.jpg,negative,evaluation_negative
val,frame_001210_person_08.jpg,negative,evaluation_negative
val,frame_001210_person_09.jpg,negative,evaluation_negative
val,frame_001210_person_10.jpg,negative,evaluation_negative
val,frame_001210_person_11.jpg,negative,evaluation_negative
val,frame_001210_person_12.jpg,negative,evaluation_negative
val,frame_001210_person_13.jpg,negative,evaluation_negative
val,frame_001210_person_14.jpg,negative,evaluation_negative
val,frame_001210_person_15.jpg,negative,evaluation_negative
val,frame_001210_person_16.jpg,negative,evaluation_negative
val,frame_001210_person_17.jpg,negative,evaluation_negative
val,frame_001210_person_18.jpg,negative,evaluation_negative
val,frame_001219_person_00.jpg,negative,evaluation_negative
val,frame_001219_person_01.jpg,negative,evaluation_negative
val,frame_001219_person_02.jpg,negative,evaluation_negative
val,frame_001219_person_03.jpg,negative,evaluation_negative
val,frame_001219_person_04.jpg,negative,evaluation_negative
val,frame_001219_person_05.jpg,negative,evaluation_negative
val,frame_001219_person_06.jpg,negative,evaluation_negative
val,frame_001219_person_07.jpg,negative,evaluation_negative
val,frame_001219_person_08.jpg,negative,evaluation_negative
val,frame_001219_person_09.jpg,negative,evaluation_negative
val,frame_001219_person_10.jpg,negative,evaluation_negative
val,frame_001219_person_11.jpg,negative,evaluation_negative
val,frame_001219_person_12.jpg,negative,evaluation_negative
val,frame_001219_person_13.jpg,negative,evaluation_negative
val,frame_001219_person_14.jpg,negative,evaluation_negative
val,frame_001219_person_15.jpg,negative,evaluation_negative
val,frame_001219_person_16.jpg,negative,evaluation_negative
val,frame_001219_person_17.jpg,negative,evaluation_negative
val,frame_001227_person_00.jpg,negative,evaluation_negative
val,frame_001227_person_01.jpg,negative,evaluation_negative
val,frame_001227_person_02.jpg,negative,evaluation_negative
val,frame_001227_person_03.jpg,negative,evaluation_negative
val,frame_001227_person_04.jpg,negative,evaluation_negative
val,frame_001227_person_05.jpg,negative,evaluation_negative
val,frame_001227_person_06.jpg,negative,evaluation_negative
val,frame_001227_person_07.jpg,negative,evaluation_negative
val,frame_001227_person_08.jpg,negative,evaluation_negative
val,frame_001227_person_09.jpg,negative,evaluation_negative
val,frame_001227_person_10.jpg,negative,evaluation_negative
val,frame_001227_person_11.jpg,negative,evaluation_negative
val,frame_001227_person_12.jpg,negative,evaluation_negative
val,frame_001227_person_13.jpg,negative,evaluation_negative
val,frame_001227_person_14.jpg,negative,evaluation_negative
val,frame_001227_person_15.jpg,negative,evaluation_negative
val,frame_001227_person_16.jpg,negative,evaluation_negative
val,frame_001227_person_17.jpg,negative,evaluation_negative
val,frame_001227_person_18.jpg,negative,evaluation_negative
val,frame_001235_person_00.jpg,negative,evaluation_negative
val,frame_001235_person_01.jpg,negative,evaluation_negative
val,frame_001235_person_02.jpg,negative,evaluation_negative
val,frame_001235_person_03.jpg,negative,evaluation_negative
val,frame_001235_person_04.jpg,negative,evaluation_negative
val,frame_001235_person_05.jpg,negative,evaluation_negative
val,frame_001235_person_06.jpg,negative,evaluation_negative
val,frame_001235_person_07.jpg,negative,evaluation_negative
val,frame_001235_person_08.jpg,negative,evaluation_negative
val,frame_001235_person_09.jpg,negative,evaluation_negative
val,frame_001235_person_10.jpg,negative,evaluation_negative
val,frame_001235_person_11.jpg,negative,evaluation_negative
val,frame_001235_person_12.jpg,positive,evaluation_positive
val,frame_001235_person_13.jpg,negative,evaluation_negative
val,frame_001235_person_14.jpg,negative,evaluation_negative
val,frame_001235_person_15.jpg,negative,evaluation_negative
val,frame_001235_person_16.jpg,negative,evaluation_negative
val,frame_001235_person_17.jpg,negative,evaluation_negative
val,frame_001235_person_18.jpg,negative,evaluation_negative
val,frame_001241_person_00.jpg,negative,evaluation_negative
val,frame_001241_person_01.jpg,negative,evaluation_negative
val,frame_001241_person_02.jpg,negative,evaluation_negative
val,frame_001241_person_03.jpg,negative,evaluation_negative
val,frame_001241_person_04.jpg,negative,evaluation_negative
val,frame_001241_person_05.jpg,negative,evaluation_negative
val,frame_001241_person_06.jpg,negative,evaluation_negative
val,frame_001241_person_07.jpg,negative,evaluation_negative
val,frame_001241_person_08.jpg,negative,evaluation_negative
val,frame_001241_person_09.jpg,negative,evaluation_negative
val,frame_001241_person_10.jpg,negative,evaluation_negative
val,frame_001241_person_11.jpg,positive,evaluation_positive
val,frame_001241_person_12.jpg,negative,evaluation_negative
val,frame_001241_person_13.jpg,negative,evaluation_negative
val,frame_001241_person_14.jpg,negative,evaluation_negative
val,frame_001241_person_15.jpg,negative,evaluation_negative
val,frame_001241_person_16.jpg,negative,evaluation_negative
val,frame_001241_person_17.jpg,negative,evaluation_negative
val,frame_001254_person_00.jpg,negative,evaluation_negative
val,frame_001254_person_01.jpg,negative,evaluation_negative
val,frame_001254_person_02.jpg,negative,evaluation_negative
val,frame_001254_person_03.jpg,negative,evaluation_negative
val,frame_001254_person_04.jpg,negative,evaluation_negative
val,frame_001254_person_05.jpg,negative,evaluation_negative
val,frame_001254_person_06.jpg,negative,evaluation_negative
val,frame_001254_person_07.jpg,negative,evaluation_negative
val,frame_001254_person_08.jpg,negative,evaluation_negative
val,frame_001254_person_09.jpg,negative,evaluation_negative
val,frame_001254_person_10.jpg,negative,evaluation_negative
val,frame_001254_person_11.jpg,negative,evaluation_negative
val,frame_001254_person_12.jpg,negative,evaluation_negative
val,frame_001254_person_13.jpg,negative,evaluation_negative
val,frame_001254_person_14.jpg,negative,evaluation_negative
val,frame_001254_person_15.jpg,negative,evaluation_negative
val,frame_001254_person_16.jpg,negative,evaluation_negative
val,frame_001254_person_17.jpg,negative,evaluation_negative
val,frame_001255_person_00.jpg,negative,evaluation_negative
val,frame_001255_person_01.jpg,negative,evaluation_negative
val,frame_001255_person_02.jpg,negative,evaluation_negative
val,frame_001255_person_03.jpg,negative,evaluation_negative
val,frame_001255_person_04.jpg,negative,evaluation_negative
val,frame_001255_person_05.jpg,negative,evaluation_negative
val,frame_001255_person_06.jpg,negative,evaluation_negative
val,frame_001255_person_07.jpg,negative,evaluation_negative
val,frame_001255_person_08.jpg,negative,evaluation_negative
val,frame_001255_person_09.jpg,negative,evaluation_negative
val,frame_001255_person_10.jpg,negative,evaluation_negative
val,frame_001255_person_11.jpg,negative,evaluation_negative
val,frame_001255_person_12.jpg,negative,evaluation_negative
val,frame_001255_person_13.jpg,negative,evaluation_negative
val,frame_001255_person_14.jpg,negative,evaluation_negative
val,frame_001255_person_15.jpg,negative,evaluation_negative
val,frame_001255_person_16.jpg,negative,evaluation_negative
val,frame_001255_person_17.jpg,negative,evaluation_negative
val,frame_001269_person_00.jpg,negative,evaluation_negative
val,frame_001269_person_01.jpg,negative,evaluation_negative
val,frame_001269_person_02.jpg,negative,evaluation_negative
val,frame_001269_person_03.jpg,negative,evaluation_negative
val,frame_001269_person_04.jpg,negative,evaluation_negative
val,frame_001269_person_05.jpg,negative,evaluation_negative
val,frame_001269_person_06.jpg,negative,evaluation_negative
val,frame_001269_person_07.jpg,negative,evaluation_negative
val,frame_001269_person_08.jpg,negative,evaluation_negative
val,frame_001269_person_09.jpg,negative,evaluation_negative
val,frame_001269_person_10.jpg,negative,evaluation_negative
val,frame_001269_person_11.jpg,negative,evaluation_negative
val,frame_001269_person_12.jpg,negative,evaluation_negative
val,frame_001269_person_13.jpg,negative,evaluation_negative
val,frame_001269_person_14.jpg,negative,evaluation_negative
val,frame_001269_person_15.jpg,negative,evaluation_negative
val,frame_001269_person_16.jpg,negative,evaluation_negative
val,frame_001269_person_17.jpg,negative,evaluation_negative
val,frame_001281_person_00.jpg,negative,evaluation_negative
val,frame_001281_person_01.jpg,negative,evaluation_negative
val,frame_001281_person_02.jpg,negative,evaluation_negative
val,frame_001281_person_03.jpg,negative,evaluation_negative
val,frame_001281_person_04.jpg,negative,evaluation_negative
val,frame_001281_person_05.jpg,negative,evaluation_negative
val,frame_001281_person_06.jpg,negative,evaluation_negative
val,frame_001281_person_07.jpg,negative,evaluation_negative
val,frame_001281_person_08.jpg,negative,evaluation_negative
val,frame_001281_person_09.jpg,negative,evaluation_negative
val,frame_001281_person_10.jpg,negative,evaluation_negative
val,frame_001281_person_11.jpg,negative,evaluation_negative
val,frame_001281_person_12.jpg,negative,evaluation_negative
val,frame_001281_person_13.jpg,negative,evaluation_negative
val,frame_001281_person_14.jpg,negative,evaluation_negative
val,frame_001281_person_15.jpg,negative,evaluation_negative
val,frame_001281_person_16.jpg,negative,evaluation_negative
val,frame_001281_person_17.jpg,negative,evaluation_negative
val,frame_001288_person_00.jpg,negative,evaluation_negative
val,frame_001288_person_01.jpg,negative,evaluation_negative
val,frame_001288_person_02.jpg,negative,evaluation_negative
val,frame_001288_person_03.jpg,negative,evaluation_negative
val,frame_001288_person_04.jpg,negative,evaluation_negative
val,frame_001288_person_05.jpg,negative,evaluation_negative
val,frame_001288_person_06.jpg,negative,evaluation_negative
val,frame_001288_person_07.jpg,negative,evaluation_negative
val,frame_001288_person_08.jpg,negative,evaluation_negative
val,frame_001288_person_09.jpg,negative,evaluation_negative
val,frame_001288_person_10.jpg,negative,evaluation_negative
val,frame_001288_person_11.jpg,negative,evaluation_negative
val,frame_001288_person_12.jpg,negative,evaluation_negative
val,frame_001288_person_13.jpg,negative,evaluation_negative
val,frame_001288_person_14.jpg,negative,evaluation_negative
val,frame_001288_person_15.jpg,negative,evaluation_negative
val,frame_001288_person_16.jpg,negative,evaluation_negative
val,frame_001288_person_17.jpg,negative,evaluation_negative
val,frame_001293_person_00.jpg,negative,evaluation_negative
val,frame_001293_person_01.jpg,negative,evaluation_negative
val,frame_001293_person_02.jpg,negative,evaluation_negative
val,frame_001293_person_03.jpg,negative,evaluation_negative
val,frame_001293_person_04.jpg,negative,evaluation_negative
val,frame_001293_person_05.jpg,negative,evaluation_negative
val,frame_001293_person_06.jpg,negative,evaluation_negative
val,frame_001293_person_07.jpg,negative,evaluation_negative
val,frame_001293_person_08.jpg,negative,evaluation_negative
val,frame_001293_person_09.jpg,negative,evaluation_negative
val,frame_001293_person_10.jpg,negative,evaluation_negative
val,frame_001293_person_11.jpg,negative,evaluation_negative
val,frame_001293_person_12.jpg,negative,evaluation_negative
val,frame_001293_person_13.jpg,negative,evaluation_negative
val,frame_001293_person_14.jpg,negative,evaluation_negative
val,frame_001293_person_15.jpg,negative,evaluation_negative
val,frame_001293_person_16.jpg,negative,evaluation_negative
val,frame_001293_person_17.jpg,negative,evaluation_negative
val,frame_001303_person_00.jpg,negative,evaluation_negative
val,frame_001303_person_01.jpg,negative,evaluation_negative
val,frame_001303_person_02.jpg,negative,evaluation_negative
val,frame_001303_person_03.jpg,negative,evaluation_negative
val,frame_001303_person_04.jpg,negative,evaluation_negative
val,frame_001303_person_05.jpg,negative,evaluation_negative
val,frame_001303_person_06.jpg,negative,evaluation_negative
val,frame_001303_person_07.jpg,negative,evaluation_negative
val,frame_001303_person_08.jpg,negative,evaluation_negative
val,frame_001303_person_09.jpg,negative,evaluation_negative
val,frame_001303_person_10.jpg,negative,evaluation_negative
val,frame_001313_person_00.jpg,negative,evaluation_negative
val,frame_001313_person_01.jpg,negative,evaluation_negative
val,frame_001313_person_02.jpg,negative,evaluation_negative
val,frame_001313_person_03.jpg,negative,evaluation_negative
val,frame_001313_person_04.jpg,negative,evaluation_negative
val,frame_001313_person_05.jpg,negative,evaluation_negative
val,frame_001313_person_06.jpg,negative,evaluation_negative
val,frame_001313_person_07.jpg,negative,evaluation_negative
val,frame_001313_person_08.jpg,negative,evaluation_negative
val,frame_001313_person_09.jpg,negative,evaluation_negative
val,frame_001313_person_10.jpg,negative,evaluation_negative
val,frame_001313_person_11.jpg,negative,evaluation_negative
val,frame_001313_person_12.jpg,negative,evaluation_negative
val,frame_001313_person_13.jpg,negative,evaluation_negative
val,frame_001313_person_14.jpg,negative,evaluation_negative
val,frame_001313_person_15.jpg,negative,evaluation_negative
val,frame_001313_person_16.jpg,negative,evaluation_negative
val,frame_001317_person_00.jpg,negative,evaluation_negative
val,frame_001317_person_01.jpg,negative,evaluation_negative
val,frame_001317_person_02.jpg,negative,evaluation_negative
val,frame_001317_person_03.jpg,negative,evaluation_negative
val,frame_001317_person_04.jpg,negative,evaluation_negative
val,frame_001317_person_05.jpg,negative,evaluation_negative
val,frame_001317_person_06.jpg,negative,evaluation_negative
val,frame_001317_person_07.jpg,negative,evaluation_negative
val,frame_001317_person_08.jpg,negative,evaluation_negative
val,frame_001317_person_09.jpg,negative,evaluation_negative
val,frame_001317_person_10.jpg,negative,evaluation_negative
val,frame_001317_person_11.jpg,negative,evaluation_negative
val,frame_001317_person_12.jpg,negative,evaluation_negative
val,frame_001317_person_13.jpg,negative,evaluation_negative
val,frame_001317_person_14.jpg,negative,evaluation_negative
val,frame_001317_person_15.jpg,negative,evaluation_negative
val,frame_001317_person_16.jpg,negative,evaluation_negative
val,frame_001324_person_00.jpg,negative,evaluation_negative
val,frame_001324_person_01.jpg,negative,evaluation_negative
val,frame_001324_person_02.jpg,negative,evaluation_negative
val,frame_001324_person_03.jpg,negative,evaluation_negative
val,frame_001324_person_04.jpg,negative,evaluation_negative
val,frame_001324_person_05.jpg,negative,evaluation_negative
val,frame_001324_person_06.jpg,negative,evaluation_negative
val,frame_001324_person_07.jpg,negative,evaluation_negative
val,frame_001324_person_08.jpg,negative,evaluation_negative
val,frame_001324_person_09.jpg,negative,evaluation_negative
val,frame_001324_person_10.jpg,negative,evaluation_negative
val,frame_001324_person_11.jpg,negative,evaluation_negative
val,frame_001324_person_12.jpg,negative,evaluation_negative
val,frame_001324_person_13.jpg,negative,evaluation_negative
val,frame_001324_person_14.jpg,negative,evaluation_negative
val,frame_001324_person_15.jpg,negative,evaluation_negative
val,frame_001324_person_16.jpg,negative,evaluation_negative
val,frame_001335_person_00.jpg,negative,evaluation_negative
val,frame_001335_person_01.jpg,negative,evaluation_negative
val,frame_001335_person_02.jpg,negative,evaluation_negative
val,frame_001335_person_03.jpg,negative,evaluation_negative
val,frame_001335_person_04.jpg,negative,evaluation_negative
val,frame_001335_person_05.jpg,negative,evaluation_negative
val,frame_001335_person_06.jpg,negative,evaluation_negative
val,frame_001335_person_07.jpg,negative,evaluation_negative
val,frame_001335_person_08.jpg,negative,evaluation_negative
val,frame_001335_person_09.jpg,negative,evaluation_negative
val,frame_001335_person_10.jpg,negative,evaluation_negative
val,frame_001335_person_11.jpg,negative,evaluation_negative
val,frame_001335_person_12.jpg,negative,evaluation_negative
val,frame_001335_person_13.jpg,negative,evaluation_negative
val,frame_001335_person_14.jpg,negative,evaluation_negative
val,frame_001335_person_15.jpg,negative,evaluation_negative
val,frame_001335_person_16.jpg,negative,evaluation_negative
test,frame_000075_person_00.jpg,negative,evaluation_negative
test,frame_000075_person_01.jpg,negative,evaluation_negative
test,frame_000075_person_02.jpg,negative,evaluation_negative
test,frame_000075_person_03.jpg,negative,evaluation_negative
test,frame_000075_person_04.jpg,negative,evaluation_negative
test,frame_000075_person_05.jpg,negative,evaluation_negative
test,frame_000075_person_06.jpg,negative,evaluation_negative
test,frame_000075_person_07.jpg,negative,evaluation_negative
test,frame_000075_person_08.jpg,negative,evaluation_negative
test,frame_000075_person_09.jpg,negative,evaluation_negative
test,frame_000075_person_10.jpg,negative,evaluation_negative
test,frame_000075_person_11.jpg,negative,evaluation_negative
test,frame_000075_person_12.jpg,negative,evaluation_negative
test,frame_000075_person_13.jpg,negative,evaluation_negative
test,frame_000075_person_14.jpg,negative,evaluation_negative
test,frame_000075_person_15.jpg,negative,evaluation_negative
test,frame_000075_person_16.jpg,negative,evaluation_negative
test,frame_000075_person_17.jpg,negative,evaluation_negative
test,frame_000075_person_18.jpg,negative,evaluation_negative
test,frame_000075_person_19.jpg,negative,evaluation_negative
test,frame_000079_person_00.jpg,negative,evaluation_negative
test,frame_000079_person_01.jpg,negative,evaluation_negative
test,frame_000079_person_02.jpg,negative,evaluation_negative
test,frame_000079_person_03.jpg,negative,evaluation_negative
test,frame_000079_person_04.jpg,negative,evaluation_negative
test,frame_000079_person_05.jpg,negative,evaluation_negative
test,frame_000079_person_06.jpg,negative,evaluation_negative
test,frame_000079_person_07.jpg,negative,evaluation_negative
test,frame_000079_person_08.jpg,negative,evaluation_negative
test,frame_000079_person_09.jpg,negative,evaluation_negative
test,frame_000079_person_10.jpg,negative,evaluation_negative
test,frame_000079_person_11.jpg,negative,evaluation_negative
test,frame_000079_person_12.jpg,negative,evaluation_negative
test,frame_000079_person_13.jpg,negative,evaluation_negative
test,frame_000079_person_14.jpg,negative,evaluation_negative
test,frame_000079_person_15.jpg,negative,evaluation_negative
test,frame_000079_person_16.jpg,negative,evaluation_negative
test,frame_000079_person_17.jpg,negative,evaluation_negative
test,frame_000079_person_18.jpg,negative,evaluation_negative
test,frame_000079_person_19.jpg,negative,evaluation_negative
test,frame_000091_person_00.jpg,negative,evaluation_negative
test,frame_000091_person_01.jpg,negative,evaluation_negative
test,frame_000091_person_02.jpg,negative,evaluation_negative
test,frame_000091_person_03.jpg,negative,evaluation_negative
test,frame_000091_person_04.jpg,negative,evaluation_negative
test,frame_000091_person_05.jpg,negative,evaluation_negative
test,frame_000091_person_06.jpg,negative,evaluation_negative
test,frame_000091_person_07.jpg,negative,evaluation_negative
test,frame_000091_person_08.jpg,negative,evaluation_negative
test,frame_000091_person_09.jpg,negative,evaluation_negative
test,frame_000091_person_10.jpg,negative,evaluation_negative
test,frame_000091_person_11.jpg,negative,evaluation_negative
test,frame_000091_person_12.jpg,negative,evaluation_negative
test,frame_000091_person_13.jpg,negative,evaluation_negative
test,frame_000091_person_14.jpg,negative,evaluation_negative
test,frame_000091_person_15.jpg,negative,evaluation_negative
test,frame_000091_person_16.jpg,negative,evaluation_negative
test,frame_000091_person_17.jpg,negative,evaluation_negative
test,frame_000091_person_18.jpg,negative,evaluation_negative
test,frame_000091_person_19.jpg,negative,evaluation_negative
test,frame_000091_person_20.jpg,negative,evaluation_negative
test,frame_000095_person_00.jpg,negative,evaluation_negative
test,frame_000095_person_01.jpg,negative,evaluation_negative
test,frame_000095_person_02.jpg,negative,evaluation_negative
test,frame_000095_person_03.jpg,negative,evaluation_negative
test,frame_000095_person_04.jpg,negative,evaluation_negative
test,frame_000095_person_05.jpg,negative,evaluation_negative
test,frame_000095_person_06.jpg,negative,evaluation_negative
test,frame_000095_person_07.jpg,negative,evaluation_negative
test,frame_000095_person_08.jpg,negative,evaluation_negative
test,frame_000095_person_09.jpg,negative,evaluation_negative
test,frame_000095_person_10.jpg,negative,evaluation_negative
test,frame_000095_person_11.jpg,negative,evaluation_negative
test,frame_000095_person_12.jpg,negative,evaluation_negative
test,frame_000095_person_13.jpg,negative,evaluation_negative
test,frame_000095_person_14.jpg,negative,evaluation_negative
test,frame_000095_person_15.jpg,negative,evaluation_negative
test,frame_000095_person_16.jpg,negative,evaluation_negative
test,frame_000095_person_17.jpg,negative,evaluation_negative
test,frame_000095_person_18.jpg,negative,evaluation_negative
test,frame_000095_person_19.jpg,negative,evaluation_negative
test,frame_000095_person_20.jpg,negative,evaluation_negative
test,frame_000107_person_00.jpg,negative,evaluation_negative
test,frame_000107_person_01.jpg,negative,evaluation_negative
test,frame_000107_person_02.jpg,negative,evaluation_negative
test,frame_000107_person_03.jpg,negative,evaluation_negative
test,frame_000107_person_04.jpg,negative,evaluation_negative
test,frame_000107_person_05.jpg,negative,evaluation_negative
test,frame_000107_person_06.jpg,negative,evaluation_negative
test,frame_000107_person_07.jpg,negative,evaluation_negative
test,frame_000107_person_08.jpg,negative,evaluation_negative
test,frame_000107_person_09.jpg,negative,evaluation_negative
test,frame_000107_person_10.jpg,negative,evaluation_negative
test,frame_000107_person_11.jpg,negative,evaluation_negative
test,frame_000107_person_12.jpg,negative,evaluation_negative
test,frame_000107_person_13.jpg,negative,evaluation_negative
test,frame_000107_person_14.jpg,negative,evaluation_negative
test,frame_000107_person_15.jpg,negative,evaluation_negative
test,frame_000107_person_16.jpg,negative,evaluation_negative
test,frame_000107_person_17.jpg,negative,evaluation_negative
test,frame_000107_person_18.jpg,negative,evaluation_negative
test,frame_000107_person_19.jpg,negative,evaluation_negative
test,frame_000107_person_20.jpg,negative,evaluation_negative
test,frame_000112_person_00.jpg,negative,evaluation_negative
test,frame_000112_person_01.jpg,negative,evaluation_negative
test,frame_000112_person_02.jpg,negative,evaluation_negative
test,frame_000112_person_03.jpg,negative,evaluation_negative
test,frame_000112_person_04.jpg,negative,evaluation_negative
test,frame_000112_person_05.jpg,negative,evaluation_negative
test,frame_000112_person_06.jpg,negative,evaluation_negative
test,frame_000112_person_07.jpg,negative,evaluation_negative
test,frame_000112_person_08.jpg,negative,evaluation_negative
test,frame_000112_person_09.jpg,negative,evaluation_negative
test,frame_000112_person_10.jpg,negative,evaluation_negative
test,frame_000112_person_11.jpg,negative,evaluation_negative
test,frame_000112_person_12.jpg,negative,evaluation_negative
test,frame_000112_person_13.jpg,negative,evaluation_negative
test,frame_000112_person_14.jpg,negative,evaluation_negative
test,frame_000112_person_15.jpg,negative,evaluation_negative
test,frame_000112_person_16.jpg,negative,evaluation_negative
test,frame_000112_person_17.jpg,negative,evaluation_negative
test,frame_000112_person_18.jpg,negative,evaluation_negative
test,frame_000112_person_19.jpg,negative,evaluation_negative
test,frame_000112_person_20.jpg,negative,evaluation_negative
test,frame_000116_person_00.jpg,negative,evaluation_negative
test,frame_000116_person_01.jpg,negative,evaluation_negative
test,frame_000116_person_02.jpg,negative,evaluation_negative
test,frame_000116_person_03.jpg,negative,evaluation_negative
test,frame_000116_person_04.jpg,negative,evaluation_negative
test,frame_000116_person_05.jpg,negative,evaluation_negative
test,frame_000116_person_06.jpg,negative,evaluation_negative
test,frame_000116_person_07.jpg,negative,evaluation_negative
test,frame_000116_person_08.jpg,negative,evaluation_negative
test,frame_000116_person_09.jpg,negative,evaluation_negative
test,frame_000116_person_10.jpg,negative,evaluation_negative
test,frame_000116_person_11.jpg,negative,evaluation_negative
test,frame_000116_person_12.jpg,negative,evaluation_negative
test,frame_000116_person_13.jpg,negative,evaluation_negative
test,frame_000116_person_14.jpg,negative,evaluation_negative
test,frame_000116_person_15.jpg,negative,evaluation_negative
test,frame_000116_person_16.jpg,negative,evaluation_negative
test,frame_000116_person_17.jpg,negative,evaluation_negative
test,frame_000116_person_18.jpg,negative,evaluation_negative
test,frame_000116_person_19.jpg,negative,evaluation_negative
test,frame_000126_person_00.jpg,negative,evaluation_negative
test,frame_000126_person_01.jpg,negative,evaluation_negative
test,frame_000126_person_02.jpg,negative,evaluation_negative
test,frame_000126_person_03.jpg,negative,evaluation_negative
test,frame_000126_person_04.jpg,negative,evaluation_negative
test,frame_000126_person_05.jpg,negative,evaluation_negative
test,frame_000126_person_06.jpg,negative,evaluation_negative
test,frame_000126_person_07.jpg,negative,evaluation_negative
test,frame_000126_person_08.jpg,negative,evaluation_negative
test,frame_000126_person_09.jpg,negative,evaluation_negative
test,frame_000126_person_10.jpg,negative,evaluation_negative
test,frame_000126_person_11.jpg,negative,evaluation_negative
test,frame_000126_person_12.jpg,negative,evaluation_negative
test,frame_000126_person_13.jpg,negative,evaluation_negative
test,frame_000126_person_14.jpg,negative,evaluation_negative
test,frame_000126_person_15.jpg,negative,evaluation_negative
test,frame_000126_person_16.jpg,negative,evaluation_negative
test,frame_000126_person_17.jpg,negative,evaluation_negative
test,frame_000126_person_18.jpg,negative,evaluation_negative
test,frame_000126_person_19.jpg,negative,evaluation_negative
test,frame_000126_person_20.jpg,negative,evaluation_negative
test,frame_000141_person_00.jpg,negative,evaluation_negative
test,frame_000141_person_01.jpg,negative,evaluation_negative
test,frame_000141_person_02.jpg,negative,evaluation_negative
test,frame_000141_person_03.jpg,negative,evaluation_negative
test,frame_000141_person_04.jpg,negative,evaluation_negative
test,frame_000141_person_05.jpg,negative,evaluation_negative
test,frame_000141_person_06.jpg,negative,evaluation_negative
test,frame_000141_person_07.jpg,negative,evaluation_negative
test,frame_000141_person_08.jpg,negative,evaluation_negative
test,frame_000141_person_09.jpg,negative,evaluation_negative
test,frame_000141_person_10.jpg,negative,evaluation_negative
test,frame_000141_person_11.jpg,negative,evaluation_negative
test,frame_000141_person_12.jpg,negative,evaluation_negative
test,frame_000141_person_13.jpg,negative,evaluation_negative
test,frame_000141_person_14.jpg,negative,evaluation_negative
test,frame_000141_person_15.jpg,negative,evaluation_negative
test,frame_000141_person_16.jpg,negative,evaluation_negative
test,frame_000141_person_17.jpg,negative,evaluation_negative
test,frame_000141_person_18.jpg,negative,evaluation_negative
test,frame_000141_person_19.jpg,negative,evaluation_negative
test,frame_000145_person_00.jpg,negative,evaluation_negative
test,frame_000145_person_01.jpg,negative,evaluation_negative
test,frame_000145_person_02.jpg,negative,evaluation_negative
test,frame_000145_person_03.jpg,negative,evaluation_negative
test,frame_000145_person_04.jpg,negative,evaluation_negative
test,frame_000145_person_05.jpg,negative,evaluation_negative
test,frame_000145_person_06.jpg,negative,evaluation_negative
test,frame_000145_person_07.jpg,negative,evaluation_negative
test,frame_000145_person_08.jpg,negative,evaluation_negative
test,frame_000145_person_09.jpg,negative,evaluation_negative
test,frame_000145_person_10.jpg,negative,evaluation_negative
test,frame_000145_person_11.jpg,negative,evaluation_negative
test,frame_000145_person_12.jpg,negative,evaluation_negative
test,frame_000145_person_13.jpg,negative,evaluation_negative
test,frame_000145_person_14.jpg,negative,evaluation_negative
test,frame_000145_person_15.jpg,negative,evaluation_negative
test,frame_000145_person_16.jpg,negative,evaluation_negative
test,frame_000145_person_17.jpg,negative,evaluation_negative
test,frame_000145_person_18.jpg,negative,evaluation_negative
test,frame_000145_person_19.jpg,negative,evaluation_negative
test,frame_000155_person_00.jpg,negative,evaluation_negative
test,frame_000155_person_01.jpg,negative,evaluation_negative
test,frame_000155_person_02.jpg,negative,evaluation_negative
test,frame_000155_person_03.jpg,negative,evaluation_negative
test,frame_000155_person_04.jpg,negative,evaluation_negative
test,frame_000155_person_05.jpg,negative,evaluation_negative
test,frame_000155_person_06.jpg,negative,evaluation_negative
test,frame_000155_person_07.jpg,negative,evaluation_negative
test,frame_000155_person_08.jpg,negative,evaluation_negative
test,frame_000155_person_09.jpg,negative,evaluation_negative
test,frame_000155_person_10.jpg,negative,evaluation_negative
test,frame_000155_person_11.jpg,negative,evaluation_negative
test,frame_000167_person_00.jpg,negative,evaluation_negative
test,frame_000167_person_01.jpg,negative,evaluation_negative
test,frame_000167_person_02.jpg,negative,evaluation_negative
test,frame_000167_person_03.jpg,negative,evaluation_negative
test,frame_000167_person_04.jpg,negative,evaluation_negative
test,frame_000167_person_05.jpg,negative,evaluation_negative
test,frame_000167_person_06.jpg,negative,evaluation_negative
test,frame_000167_person_07.jpg,negative,evaluation_negative
test,frame_000167_person_08.jpg,negative,evaluation_negative
test,frame_000167_person_09.jpg,negative,evaluation_negative
test,frame_000167_person_10.jpg,negative,evaluation_negative
test,frame_000167_person_11.jpg,negative,evaluation_negative
test,frame_000167_person_12.jpg,negative,evaluation_negative
test,frame_000167_person_13.jpg,negative,evaluation_negative
test,frame_000167_person_14.jpg,negative,evaluation_negative
test,frame_000167_person_15.jpg,negative,evaluation_negative
test,frame_000167_person_16.jpg,negative,evaluation_negative
test,frame_000167_person_17.jpg,negative,evaluation_negative
test,frame_000167_person_18.jpg,negative,evaluation_negative
test,frame_000167_person_19.jpg,negative,evaluation_negative
test,frame_000175_person_00.jpg,negative,evaluation_negative
test,frame_000175_person_01.jpg,negative,evaluation_negative
test,frame_000175_person_02.jpg,negative,evaluation_negative
test,frame_000175_person_03.jpg,negative,evaluation_negative
test,frame_000175_person_04.jpg,negative,evaluation_negative
test,frame_000175_person_05.jpg,negative,evaluation_negative
test,frame_000175_person_06.jpg,negative,evaluation_negative
test,frame_000175_person_07.jpg,negative,evaluation_negative
test,frame_000175_person_08.jpg,negative,evaluation_negative
test,frame_000175_person_09.jpg,negative,evaluation_negative
test,frame_000175_person_10.jpg,negative,evaluation_negative
test,frame_000175_person_11.jpg,negative,evaluation_negative
test,frame_000175_person_12.jpg,negative,evaluation_negative
test,frame_000175_person_13.jpg,negative,evaluation_negative
test,frame_000175_person_14.jpg,negative,evaluation_negative
test,frame_000175_person_15.jpg,negative,evaluation_negative
test,frame_000175_person_16.jpg,negative,evaluation_negative
test,frame_000175_person_17.jpg,negative,evaluation_negative
test,frame_000175_person_18.jpg,negative,evaluation_negative
test,frame_000178_person_00.jpg,negative,evaluation_negative
test,frame_000178_person_01.jpg,negative,evaluation_negative
test,frame_000178_person_02.jpg,negative,evaluation_negative
test,frame_000178_person_03.jpg,negative,evaluation_negative
test,frame_000178_person_04.jpg,negative,evaluation_negative
test,frame_000178_person_05.jpg,negative,evaluation_negative
test,frame_000178_person_06.jpg,negative,evaluation_negative
test,frame_000178_person_07.jpg,negative,evaluation_negative
test,frame_000178_person_08.jpg,negative,evaluation_negative
test,frame_000178_person_09.jpg,negative,evaluation_negative
test,frame_000178_person_10.jpg,negative,evaluation_negative
test,frame_000178_person_11.jpg,negative,evaluation_negative
test,frame_000178_person_12.jpg,negative,evaluation_negative
test,frame_000178_person_13.jpg,negative,evaluation_negative
test,frame_000178_person_14.jpg,negative,evaluation_negative
test,frame_000178_person_15.jpg,negative,evaluation_negative
test,frame_000178_person_16.jpg,negative,evaluation_negative
test,frame_000178_person_17.jpg,negative,evaluation_negative
test,frame_000178_person_18.jpg,negative,evaluation_negative
test,frame_000189_person_00.jpg,negative,evaluation_negative
test,frame_000189_person_01.jpg,negative,evaluation_negative
test,frame_000189_person_02.jpg,negative,evaluation_negative
test,frame_000189_person_03.jpg,negative,evaluation_negative
test,frame_000189_person_04.jpg,negative,evaluation_negative
test,frame_000189_person_05.jpg,negative,evaluation_negative
test,frame_000189_person_06.jpg,negative,evaluation_negative
test,frame_000189_person_07.jpg,negative,evaluation_negative
test,frame_000189_person_08.jpg,negative,evaluation_negative
test,frame_000189_person_09.jpg,negative,evaluation_negative
test,frame_000189_person_10.jpg,negative,evaluation_negative
test,frame_000189_person_11.jpg,negative,evaluation_negative
test,frame_000189_person_12.jpg,negative,evaluation_negative
test,frame_000189_person_13.jpg,negative,evaluation_negative
test,frame_000189_person_14.jpg,negative,evaluation_negative
test,frame_000189_person_15.jpg,negative,evaluation_negative
test,frame_000189_person_16.jpg,negative,evaluation_negative
test,frame_000189_person_17.jpg,negative,evaluation_negative
test,frame_000189_person_18.jpg,negative,evaluation_negative
test,frame_000189_person_19.jpg,negative,evaluation_negative
test,frame_000191_person_00.jpg,negative,evaluation_negative
test,frame_000191_person_01.jpg,negative,evaluation_negative
test,frame_000191_person_02.jpg,negative,evaluation_negative
test,frame_000191_person_03.jpg,negative,evaluation_negative
test,frame_000191_person_04.jpg,negative,evaluation_negative
test,frame_000191_person_05.jpg,negative,evaluation_negative
test,frame_000191_person_06.jpg,negative,evaluation_negative
test,frame_000191_person_07.jpg,negative,evaluation_negative
test,frame_000191_person_08.jpg,negative,evaluation_negative
test,frame_000191_person_09.jpg,negative,evaluation_negative
test,frame_000191_person_10.jpg,negative,evaluation_negative
test,frame_000191_person_11.jpg,negative,evaluation_negative
test,frame_000191_person_12.jpg,negative,evaluation_negative
test,frame_000191_person_13.jpg,negative,evaluation_negative
test,frame_000191_person_14.jpg,negative,evaluation_negative
test,frame_000191_person_15.jpg,negative,evaluation_negative
test,frame_000191_person_16.jpg,negative,evaluation_negative
test,frame_000191_person_17.jpg,negative,evaluation_negative
test,frame_000191_person_18.jpg,negative,evaluation_negative
test,frame_000191_person_19.jpg,negative,evaluation_negative
test,frame_000541_person_00.jpg,negative,evaluation_negative
test,frame_000541_person_01.jpg,negative,evaluation_negative
test,frame_000541_person_02.jpg,negative,evaluation_negative
test,frame_000541_person_03.jpg,negative,evaluation_negative
test,frame_000541_person_04.jpg,negative,evaluation_negative
test,frame_000541_person_05.jpg,negative,evaluation_negative
test,frame_000541_person_06.jpg,negative,evaluation_negative
test,frame_000541_person_07.jpg,negative,evaluation_negative
test,frame_000541_person_08.jpg,negative,evaluation_negative
test,frame_000541_person_09.jpg,negative,evaluation_negative
test,frame_000541_person_10.jpg,negative,evaluation_negative
test,frame_000541_person_11.jpg,negative,evaluation_negative
test,frame_000541_person_12.jpg,negative,evaluation_negative
test,frame_000541_person_13.jpg,negative,evaluation_negative
test,frame_000541_person_14.jpg,negative,evaluation_negative
test,frame_000541_person_15.jpg,negative,evaluation_negative
test,frame_000541_person_16.jpg,negative,evaluation_negative
test,frame_000541_person_17.jpg,negative,evaluation_negative
test,frame_000541_person_18.jpg,negative,evaluation_negative
test,frame_000552_person_00.jpg,negative,evaluation_negative
test,frame_000552_person_01.jpg,negative,evaluation_negative
test,frame_000552_person_02.jpg,negative,evaluation_negative
test,frame_000552_person_03.jpg,negative,evaluation_negative
test,frame_000552_person_04.jpg,negative,evaluation_negative
test,frame_000552_person_05.jpg,negative,evaluation_negative
test,frame_000552_person_06.jpg,negative,evaluation_negative
test,frame_000552_person_07.jpg,positive,evaluation_positive
test,frame_000552_person_08.jpg,negative,evaluation_negative
test,frame_000552_person_09.jpg,negative,evaluation_negative
test,frame_000552_person_10.jpg,negative,evaluation_negative
test,frame_000552_person_11.jpg,negative,evaluation_negative
test,frame_000552_person_12.jpg,negative,evaluation_negative
test,frame_000552_person_13.jpg,negative,evaluation_negative
test,frame_000552_person_14.jpg,negative,evaluation_negative
test,frame_000552_person_15.jpg,negative,evaluation_negative
test,frame_000552_person_16.jpg,negative,evaluation_negative
test,frame_000552_person_17.jpg,negative,evaluation_negative
test,frame_000561_person_00.jpg,negative,evaluation_negative
test,frame_000561_person_01.jpg,negative,evaluation_negative
test,frame_000561_person_02.jpg,negative,evaluation_negative
test,frame_000561_person_03.jpg,negative,evaluation_negative
test,frame_000561_person_04.jpg,negative,evaluation_negative
test,frame_000561_person_05.jpg,negative,evaluation_negative
test,frame_000561_person_06.jpg,negative,evaluation_negative
test,frame_000561_person_07.jpg,negative,evaluation_negative
test,frame_000561_person_08.jpg,negative,evaluation_negative
test,frame_000561_person_09.jpg,negative,evaluation_negative
test,frame_000561_person_10.jpg,negative,evaluation_negative
test,frame_000561_person_11.jpg,negative,evaluation_negative
test,frame_000561_person_12.jpg,negative,evaluation_negative
test,frame_000561_person_13.jpg,negative,evaluation_negative
test,frame_000561_person_14.jpg,negative,evaluation_negative
test,frame_000561_person_15.jpg,negative,evaluation_negative
test,frame_000561_person_16.jpg,negative,evaluation_negative
test,frame_000561_person_17.jpg,negative,evaluation_negative
test,frame_000564_person_00.jpg,negative,evaluation_negative
test,frame_000564_person_01.jpg,negative,evaluation_negative
test,frame_000564_person_02.jpg,negative,evaluation_negative
test,frame_000564_person_03.jpg,negative,evaluation_negative
test,frame_000564_person_04.jpg,negative,evaluation_negative
test,frame_000564_person_05.jpg,negative,evaluation_negative
test,frame_000564_person_06.jpg,negative,evaluation_negative
test,frame_000564_person_07.jpg,negative,evaluation_negative
test,frame_000564_person_08.jpg,negative,evaluation_negative
test,frame_000564_person_09.jpg,negative,evaluation_negative
test,frame_000564_person_10.jpg,negative,evaluation_negative
test,frame_000564_person_11.jpg,negative,evaluation_negative
test,frame_000564_person_12.jpg,negative,evaluation_negative
test,frame_000564_person_13.jpg,negative,evaluation_negative
test,frame_000564_person_14.jpg,negative,evaluation_negative
test,frame_000564_person_15.jpg,negative,evaluation_negative
test,frame_000564_person_16.jpg,negative,evaluation_negative
test,frame_000564_person_17.jpg,negative,evaluation_negative
test,frame_000564_person_18.jpg,negative,evaluation_negative
test,frame_000575_person_00.jpg,negative,evaluation_negative
test,frame_000575_person_01.jpg,negative,evaluation_negative
test,frame_000575_person_02.jpg,negative,evaluation_negative
test,frame_000575_person_03.jpg,negative,evaluation_negative
test,frame_000575_person_04.jpg,negative,evaluation_negative
test,frame_000575_person_05.jpg,negative,evaluation_negative
test,frame_000575_person_06.jpg,negative,evaluation_negative
test,frame_000575_person_07.jpg,negative,evaluation_negative
test,frame_000575_person_08.jpg,negative,evaluation_negative
test,frame_000575_person_09.jpg,negative,evaluation_negative
test,frame_000575_person_10.jpg,negative,evaluation_negative
test,frame_000575_person_11.jpg,negative,evaluation_negative
test,frame_000575_person_12.jpg,negative,evaluation_negative
test,frame_000575_person_13.jpg,negative,evaluation_negative
test,frame_000575_person_14.jpg,negative,evaluation_negative
test,frame_000575_person_15.jpg,negative,evaluation_negative
test,frame_000575_person_16.jpg,negative,evaluation_negative
test,frame_000575_person_17.jpg,negative,evaluation_negative
test,frame_000575_person_18.jpg,negative,evaluation_negative
test,frame_000575_person_19.jpg,negative,evaluation_negative
test,frame_000582_person_00.jpg,negative,evaluation_negative
test,frame_000582_person_01.jpg,negative,evaluation_negative
test,frame_000582_person_02.jpg,negative,evaluation_negative
test,frame_000582_person_03.jpg,negative,evaluation_negative
test,frame_000582_person_04.jpg,negative,evaluation_negative
test,frame_000582_person_05.jpg,negative,evaluation_negative
test,frame_000582_person_06.jpg,negative,evaluation_negative
test,frame_000582_person_07.jpg,negative,evaluation_negative
test,frame_000582_person_08.jpg,negative,evaluation_negative
test,frame_000582_person_09.jpg,negative,evaluation_negative
test,frame_000582_person_10.jpg,negative,evaluation_negative
test,frame_000582_person_11.jpg,negative,evaluation_negative
test,frame_000582_person_12.jpg,negative,evaluation_negative
test,frame_000582_person_13.jpg,negative,evaluation_negative
test,frame_000582_person_14.jpg,negative,evaluation_negative
test,frame_000582_person_15.jpg,negative,evaluation_negative
test,frame_000582_person_16.jpg,negative,evaluation_negative
test,frame_000582_person_17.jpg,negative,evaluation_negative
test,frame_000582_person_18.jpg,negative,evaluation_negative
test,frame_000586_person_00.jpg,negative,evaluation_negative
test,frame_000586_person_01.jpg,negative,evaluation_negative
test,frame_000586_person_02.jpg,negative,evaluation_negative
test,frame_000586_person_03.jpg,negative,evaluation_negative
test,frame_000586_person_04.jpg,negative,evaluation_negative
test,frame_000586_person_05.jpg,negative,evaluation_negative
test,frame_000586_person_06.jpg,negative,evaluation_negative
test,frame_000586_person_07.jpg,negative,evaluation_negative
test,frame_000586_person_08.jpg,negative,evaluation_negative
test,frame_000586_person_09.jpg,negative,evaluation_negative
test,frame_000586_person_10.jpg,negative,evaluation_negative
test,frame_000586_person_11.jpg,negative,evaluation_negative
test,frame_000586_person_12.jpg,negative,evaluation_negative
test,frame_000586_person_13.jpg,negative,evaluation_negative
test,frame_000586_person_14.jpg,negative,evaluation_negative
test,frame_000586_person_15.jpg,negative,evaluation_negative
test,frame_000586_person_16.jpg,negative,evaluation_negative
test,frame_000586_person_17.jpg,negative,evaluation_negative
test,frame_000598_person_00.jpg,negative,evaluation_negative
test,frame_000598_person_01.jpg,negative,evaluation_negative
test,frame_000598_person_02.jpg,negative,evaluation_negative
test,frame_000598_person_03.jpg,negative,evaluation_negative
test,frame_000598_person_04.jpg,negative,evaluation_negative
test,frame_000598_person_05.jpg,negative,evaluation_negative
test,frame_000598_person_06.jpg,negative,evaluation_negative
test,frame_000598_person_07.jpg,negative,evaluation_negative
test,frame_000598_person_08.jpg,negative,evaluation_negative
test,frame_000598_person_09.jpg,negative,evaluation_negative
test,frame_000598_person_10.jpg,negative,evaluation_negative
test,frame_000598_person_11.jpg,negative,evaluation_negative
test,frame_000598_person_12.jpg,negative,evaluation_negative
test,frame_000598_person_13.jpg,negative,evaluation_negative
test,frame_000598_person_14.jpg,negative,evaluation_negative
test,frame_000598_person_15.jpg,negative,evaluation_negative
test,frame_000598_person_16.jpg,negative,evaluation_negative
test,frame_000598_person_17.jpg,negative,evaluation_negative
test,frame_000598_person_18.jpg,negative,evaluation_negative
test,frame_000598_person_19.jpg,negative,evaluation_negative
test,frame_000876_person_00.jpg,negative,evaluation_negative
test,frame_000876_person_01.jpg,negative,evaluation_negative
test,frame_000876_person_02.jpg,negative,evaluation_negative
test,frame_000876_person_03.jpg,negative,evaluation_negative
test,frame_000876_person_04.jpg,negative,evaluation_negative
test,frame_000876_person_05.jpg,negative,evaluation_negative
test,frame_000876_person_06.jpg,negative,evaluation_negative
test,frame_000876_person_07.jpg,negative,evaluation_negative
test,frame_000876_person_08.jpg,negative,evaluation_negative
test,frame_000876_person_09.jpg,negative,evaluation_negative
test,frame_000876_person_10.jpg,negative,evaluation_negative
test,frame_000876_person_11.jpg,negative,evaluation_negative
test,frame_000876_person_12.jpg,negative,evaluation_negative
test,frame_000876_person_13.jpg,negative,evaluation_negative
test,frame_000876_person_14.jpg,negative,evaluation_negative
test,frame_000876_person_15.jpg,negative,evaluation_negative
test,frame_000876_person_16.jpg,negative,evaluation_negative
test,frame_000876_person_17.jpg,negative,evaluation_negative
test,frame_000876_person_18.jpg,negative,evaluation_negative
test,frame_000876_person_19.jpg,negative,evaluation_negative
test,frame_000887_person_00.jpg,negative,evaluation_negative
test,frame_000887_person_01.jpg,negative,evaluation_negative
test,frame_000887_person_02.jpg,negative,evaluation_negative
test,frame_000887_person_03.jpg,negative,evaluation_negative
test,frame_000887_person_04.jpg,negative,evaluation_negative
test,frame_000887_person_05.jpg,negative,evaluation_negative
test,frame_000887_person_06.jpg,negative,evaluation_negative
test,frame_000887_person_07.jpg,negative,evaluation_negative
test,frame_000887_person_08.jpg,negative,evaluation_negative
test,frame_000887_person_09.jpg,negative,evaluation_negative
test,frame_000887_person_10.jpg,negative,evaluation_negative
test,frame_000887_person_11.jpg,negative,evaluation_negative
test,frame_000887_person_12.jpg,negative,evaluation_negative
test,frame_000887_person_13.jpg,negative,evaluation_negative
test,frame_000887_person_14.jpg,negative,evaluation_negative
test,frame_000887_person_15.jpg,negative,evaluation_negative
test,frame_000887_person_16.jpg,negative,evaluation_negative
test,frame_000887_person_17.jpg,negative,evaluation_negative
test,frame_000890_person_00.jpg,negative,evaluation_negative
test,frame_000890_person_01.jpg,negative,evaluation_negative
test,frame_000890_person_02.jpg,negative,evaluation_negative
test,frame_000890_person_03.jpg,negative,evaluation_negative
test,frame_000890_person_04.jpg,negative,evaluation_negative
test,frame_000890_person_05.jpg,negative,evaluation_negative
test,frame_000890_person_06.jpg,negative,evaluation_negative
test,frame_000890_person_07.jpg,negative,evaluation_negative
test,frame_000890_person_08.jpg,negative,evaluation_negative
test,frame_000890_person_09.jpg,negative,evaluation_negative
test,frame_000890_person_10.jpg,negative,evaluation_negative
test,frame_000890_person_11.jpg,positive,evaluation_positive
test,frame_000890_person_12.jpg,negative,evaluation_negative
test,frame_000890_person_13.jpg,negative,evaluation_negative
test,frame_000890_person_14.jpg,negative,evaluation_negative
test,frame_000890_person_15.jpg,negative,evaluation_negative
test,frame_000890_person_16.jpg,negative,evaluation_negative
test,frame_000890_person_17.jpg,negative,evaluation_negative
test,frame_000890_person_18.jpg,negative,evaluation_negative
test,frame_000901_person_00.jpg,negative,evaluation_negative
test,frame_000901_person_01.jpg,negative,evaluation_negative
test,frame_000901_person_02.jpg,negative,evaluation_negative
test,frame_000901_person_03.jpg,negative,evaluation_negative
test,frame_000901_person_04.jpg,negative,evaluation_negative
test,frame_000901_person_05.jpg,negative,evaluation_negative
test,frame_000901_person_06.jpg,negative,evaluation_negative
test,frame_000901_person_07.jpg,negative,evaluation_negative
test,frame_000901_person_08.jpg,negative,evaluation_negative
test,frame_000901_person_09.jpg,negative,evaluation_negative
test,frame_000901_person_10.jpg,negative,evaluation_negative
test,frame_000901_person_11.jpg,positive,evaluation_positive
test,frame_000901_person_12.jpg,negative,evaluation_negative
test,frame_000901_person_13.jpg,negative,evaluation_negative
test,frame_000901_person_14.jpg,negative,evaluation_negative
test,frame_000901_person_15.jpg,negative,evaluation_negative
test,frame_000901_person_16.jpg,negative,evaluation_negative
test,frame_000901_person_17.jpg,negative,evaluation_negative
test,frame_000901_person_18.jpg,negative,evaluation_negative
test,frame_000908_person_00.jpg,negative,evaluation_negative
test,frame_000908_person_01.jpg,negative,evaluation_negative
test,frame_000908_person_02.jpg,negative,evaluation_negative
test,frame_000908_person_03.jpg,negative,evaluation_negative
test,frame_000908_person_04.jpg,negative,evaluation_negative
test,frame_000908_person_05.jpg,negative,evaluation_negative
test,frame_000908_person_06.jpg,negative,evaluation_negative
test,frame_000908_person_07.jpg,negative,evaluation_negative
test,frame_000908_person_08.jpg,negative,evaluation_negative
test,frame_000908_person_09.jpg,negative,evaluation_negative
test,frame_000908_person_10.jpg,negative,evaluation_negative
test,frame_000908_person_11.jpg,negative,evaluation_negative
test,frame_000908_person_12.jpg,negative,evaluation_negative
test,frame_000908_person_13.jpg,negative,evaluation_negative
test,frame_000908_person_14.jpg,negative,evaluation_negative
test,frame_000908_person_15.jpg,negative,evaluation_negative
test,frame_000908_person_16.jpg,negative,evaluation_negative
test,frame_000914_person_00.jpg,negative,evaluation_negative
test,frame_000914_person_01.jpg,negative,evaluation_negative
test,frame_000914_person_02.jpg,negative,evaluation_negative
test,frame_000914_person_03.jpg,negative,evaluation_negative
test,frame_000914_person_04.jpg,negative,evaluation_negative
test,frame_000914_person_05.jpg,negative,evaluation_negative
test,frame_000914_person_06.jpg,negative,evaluation_negative
test,frame_000914_person_07.jpg,negative,evaluation_negative
test,frame_000914_person_08.jpg,negative,evaluation_negative
test,frame_000914_person_09.jpg,negative,evaluation_negative
test,frame_000914_person_10.jpg,negative,evaluation_negative
test,frame_000914_person_11.jpg,negative,evaluation_negative
test,frame_000914_person_12.jpg,negative,evaluation_negative
test,frame_000914_person_13.jpg,negative,evaluation_negative
test,frame_000914_person_14.jpg,negative,evaluation_negative
test,frame_000914_person_15.jpg,negative,evaluation_negative
test,frame_000914_person_16.jpg,negative,evaluation_negative
test,frame_000925_person_00.jpg,positive,evaluation_positive
test,frame_000925_person_01.jpg,negative,evaluation_negative
test,frame_000925_person_02.jpg,negative,evaluation_negative
test,frame_000925_person_03.jpg,negative,evaluation_negative
test,frame_000925_person_04.jpg,negative,evaluation_negative
test,frame_000925_person_05.jpg,negative,evaluation_negative
test,frame_000925_person_06.jpg,negative,evaluation_negative
test,frame_000925_person_07.jpg,negative,evaluation_negative
test,frame_000925_person_08.jpg,negative,evaluation_negative
test,frame_000925_person_09.jpg,negative,evaluation_negative
test,frame_000925_person_10.jpg,negative,evaluation_negative
test,frame_000925_person_11.jpg,negative,evaluation_negative
test,frame_000925_person_12.jpg,negative,evaluation_negative
test,frame_000925_person_13.jpg,negative,evaluation_negative
test,frame_000925_person_14.jpg,negative,evaluation_negative
test,frame_000925_person_15.jpg,negative,evaluation_negative
test,frame_000925_person_16.jpg,negative,evaluation_negative
test,frame_000932_person_00.jpg,negative,evaluation_negative
test,frame_000932_person_01.jpg,negative,evaluation_negative
test,frame_000932_person_02.jpg,negative,evaluation_negative
test,frame_000932_person_03.jpg,negative,evaluation_negative
test,frame_000932_person_04.jpg,negative,evaluation_negative
test,frame_000932_person_05.jpg,negative,evaluation_negative
test,frame_000932_person_06.jpg,negative,evaluation_negative
test,frame_000932_person_07.jpg,positive,evaluation_positive
test,frame_000932_person_08.jpg,negative,evaluation_negative
test,frame_000932_person_09.jpg,negative,evaluation_negative
test,frame_000932_person_10.jpg,negative,evaluation_negative
test,frame_000932_person_11.jpg,negative,evaluation_negative
test,frame_000932_person_12.jpg,negative,evaluation_negative
test,frame_000932_person_13.jpg,negative,evaluation_negative
test,frame_000932_person_14.jpg,negative,evaluation_negative
test,frame_000932_person_15.jpg,negative,evaluation_negative
test,frame_000932_person_16.jpg,negative,evaluation_negative
test,frame_000932_person_17.jpg,negative,evaluation_negative
